{
  "timestamp": "2026-04-06T03:10:57",
  "config": {
    "lookback_days": 28,
    "use_integrated_data": true,
    "weather_csv_path": "data/IMS/data_202603142120.csv",
    "include_live_xml": true,
    "batch_size": 8,
    "learning_rate": 0.0003,
    "dropout_prob": 0.05,
    "num_epochs": 8,
    "patience": 8,
    "hybrid_hidden_dim": 384,
    "model_names": [
      "JellyfishNet"
    ],
    "scheduler_factor": 0.3,
    "scheduler_patience": 1,
    "grad_clip_norm": 1.0,
    "threshold_min": 0.05,
    "threshold_max": 0.9,
    "threshold_steps": 86,
    "threshold_min_precision": 0.3,
    "threshold_selection_metric": "recall_on_validation_subject_to_min_precision",
    "n_features_per_day": 33
  },
  "results": {
    "JellyfishNet": {
      "recall": 1.0,
      "precision": 0.3257119935820297,
      "f1": 0.4913767019667171,
      "accuracy": 0.3257119935820297,
      "auc": 0.6863129793138614,
      "threshold": 0.05,
      "val_best_recall": 1.0,
      "val_best_f1": 0.0,
      "confusion_matrix": [
        [
          0,
          1681
        ],
        [
          0,
          812
        ]
      ],
      "train_losses": [
        0.6018992413360229,
        0.5909280725873213,
        0.5834769732968504,
        0.5746599777867294,
        0.5647214529440575,
        0.5531641073704175,
        0.5083969404453674,
        0.4774136949753024
      ],
      "val_losses": [
        0.5981732948850362,
        0.5871104193039429,
        0.5947607223135538,
        0.5821846085003554,
        0.5876625721366742,
        0.5914493435754989,
        0.6407213745973049,
        0.6720766290449179
      ],
      "train_accs": [
        0.6819666494756748,
        0.6857486676981261,
        0.6940862987794396,
        0.7026817947395565,
        0.7086986419116383,
        0.7221935705690218,
        0.7503008423586041,
        0.774626095925735
      ],
      "val_accs": [
        0.6678700361010831,
        0.6879261933413559,
        0.6867228239069394,
        0.6859205776173285,
        0.6927396710790212,
        0.6827115924588849,
        0.6899318090653831,
        0.6827115924588849
      ],
      "lr_history": [
        0.0003,
        0.0003,
        0.0003,
        0.0003,
        0.0003,
        8.999999999999999e-05,
        8.999999999999999e-05,
        2.6999999999999996e-05
      ]
    }
  }
}