{
  "timestamp": "2026-04-06T02:51:38",
  "config": {
    "lookback_days": 21,
    "use_integrated_data": false,
    "weather_csv_path": "data/IMS/data_202603142120.csv",
    "include_live_xml": true,
    "batch_size": 16,
    "learning_rate": 0.0005,
    "dropout_prob": 0.1,
    "num_epochs": 8,
    "patience": 8,
    "hybrid_hidden_dim": 128,
    "model_names": [
      "JellyfishNet"
    ],
    "scheduler_factor": 0.3,
    "scheduler_patience": 1,
    "grad_clip_norm": 1.0,
    "threshold_min": 0.05,
    "threshold_max": 0.9,
    "threshold_steps": 86,
    "threshold_min_precision": 0.3,
    "threshold_selection_metric": "recall_on_validation_subject_to_min_precision",
    "n_features_per_day": 11
  },
  "results": {
    "JellyfishNet": {
      "recall": 1.0,
      "precision": 0.34049323786793956,
      "f1": 0.5080118694362018,
      "accuracy": 0.34049323786793956,
      "auc": 0.705825197569417,
      "threshold": 0.05,
      "val_best_recall": 1.0,
      "val_best_f1": 0.0,
      "confusion_matrix": [
        [
          0,
          1658
        ],
        [
          0,
          856
        ]
      ],
      "train_losses": [
        0.6003282970328285,
        0.5900358565426133,
        0.5836154412361316,
        0.581577750337075,
        0.5698119699954987,
        0.5668995700380162,
        0.5634387025729045,
        0.5552920218541872
      ],
      "val_losses": [
        0.5902299406422171,
        0.5877737334579419,
        0.5946527865661937,
        0.5925386155107218,
        0.5803004994893529,
        0.5878755362929812,
        0.583301391381367,
        0.5832169693746384
      ],
      "train_accs": [
        0.6809073079218897,
        0.6863647991813763,
        0.6923339302464399,
        0.6940393962650294,
        0.701628720047753,
        0.7047838321821438,
        0.7051249253858617,
        0.7133964355760212
      ],
      "val_accs": [
        0.6898885350318471,
        0.6938694267515924,
        0.6875,
        0.6843152866242038,
        0.6994426751592356,
        0.7054140127388535,
        0.6990445859872612,
        0.696656050955414
      ],
      "lr_history": [
        0.0005,
        0.0005,
        0.0005,
        0.00015,
        0.00015,
        0.00015,
        4.4999999999999996e-05,
        4.4999999999999996e-05
      ]
    }
  }
}