{
  "timestamp": "2026-04-06T02:59:33",
  "config": {
    "lookback_days": 21,
    "use_integrated_data": true,
    "weather_csv_path": "data/IMS/data_202603142120.csv",
    "include_live_xml": true,
    "batch_size": 8,
    "learning_rate": 0.0004,
    "dropout_prob": 0.05,
    "num_epochs": 8,
    "patience": 8,
    "hybrid_hidden_dim": 192,
    "model_names": [
      "JellyfishNet"
    ],
    "scheduler_factor": 0.3,
    "scheduler_patience": 1,
    "grad_clip_norm": 1.0,
    "threshold_min": 0.05,
    "threshold_max": 0.9,
    "threshold_steps": 86,
    "threshold_min_precision": 0.3,
    "threshold_selection_metric": "recall_on_validation_subject_to_min_precision",
    "n_features_per_day": 33
  },
  "results": {
    "JellyfishNet": {
      "recall": 1.0,
      "precision": 0.34049323786793956,
      "f1": 0.5080118694362018,
      "accuracy": 0.34049323786793956,
      "auc": 0.7038731074484516,
      "threshold": 0.05,
      "val_best_recall": 1.0,
      "val_best_f1": 0.0,
      "confusion_matrix": [
        [
          0,
          1658
        ],
        [
          0,
          856
        ]
      ],
      "train_losses": [
        0.6035474278286892,
        0.5866545460518515,
        0.5811928684783828,
        0.5786579958535477,
        0.5700267127945023,
        0.562911335170513,
        0.5350980392389132,
        0.5182636424157092
      ],
      "val_losses": [
        0.5841911728879449,
        0.5823334121400383,
        0.5937319339080981,
        0.580571579752834,
        0.5914917448713521,
        0.5937618953976661,
        0.5943496162249784,
        0.6059071256951162
      ],
      "train_accs": [
        0.6826980472414087,
        0.6881555385008954,
        0.6924192035473693,
        0.6983030613115033,
        0.7011170802421762,
        0.7062334782979449,
        0.7344589409056025,
        0.7469088428413064
      ],
      "val_accs": [
        0.6986464968152867,
        0.6990445859872612,
        0.7034235668789809,
        0.6910828025477707,
        0.6962579617834395,
        0.7030254777070064,
        0.6926751592356688,
        0.6882961783439491
      ],
      "lr_history": [
        0.0004,
        0.0004,
        0.0004,
        0.0004,
        0.0004,
        0.00012,
        0.00012,
        3.6e-05
      ]
    }
  }
}