{
  "timestamp": "2026-04-06T12:30:17",
  "config": {
    "lookback_days": 24,
    "use_integrated_data": true,
    "weather_csv_path": "None",
    "include_live_xml": true,
    "batch_size": 17,
    "learning_rate": 0.000707,
    "dropout_prob": 0.14,
    "num_epochs": 100,
    "patience": 8,
    "hybrid_hidden_dim": 160,
    "model_names": [
      "JellyfishNet"
    ],
    "scheduler_factor": 0.35,
    "scheduler_patience": 1,
    "grad_clip_norm": 1.0,
    "threshold_min": 0.1,
    "threshold_max": 0.9,
    "threshold_steps": 81,
    "threshold_min_precision": 0.4,
    "threshold_target_recall": 0.95,
    "positive_class_weight": 1.73,
    "threshold_selection_metric": "maximize_precision_then_f1_subject_to_target_recall",
    "n_features_per_day": 33
  },
  "results": {
    "JellyfishNet": {
      "recall": 0.9508196721311475,
      "precision": 0.3778501628664495,
      "f1": 0.5407925407925408,
      "accuracy": 0.449500998003992,
      "auc": 0.7094440669695607,
      "threshold": 0.19,
      "val_best_recall": 0.9517766497461929,
      "val_best_f1": 0.0,
      "confusion_matrix": [
        [
          314,
          1337
        ],
        [
          42,
          812
        ]
      ],
      "train_losses": [
        0.8117160509925249,
        0.796786995301413,
        0.7872294326161229,
        0.7812300452226123,
        0.761778403420088,
        0.7503896969868693,
        0.7395658178991357,
        0.7150866172687952,
        0.7066084577507058,
        0.6925659133337958,
        0.6897431667027778,
        0.6843992934757194,
        0.6807602822000898
      ],
      "val_losses": [
        0.7906806428690214,
        0.7886083025384594,
        0.7898284309619182,
        0.7937257602005392,
        0.7796515850601969,
        0.7899983025885917,
        0.7982643391634967,
        0.8002748952524082,
        0.8039610091898892,
        0.8178254025610717,
        0.8251710975089589,
        0.8257741505229795,
        0.826613524072879
      ],
      "train_accs": [
        0.6364336442200735,
        0.6502951997946437,
        0.6513219816890562,
        0.6617609309489176,
        0.6732266621031916,
        0.6850346538889365,
        0.6977838624112261,
        0.7071104646188072,
        0.7174638487208009,
        0.7237956704030118,
        0.7279027979806623,
        0.7291007101908104,
        0.731582099768974
      ],
      "val_accs": [
        0.6126198083067093,
        0.6569488817891374,
        0.6365814696485623,
        0.6389776357827476,
        0.6585463258785943,
        0.6621405750798722,
        0.6281948881789138,
        0.645367412140575,
        0.6429712460063898,
        0.6489616613418531,
        0.6521565495207667,
        0.6553514376996805,
        0.646964856230032
      ],
      "lr_history": [
        0.000707,
        0.000707,
        0.000707,
        0.00024744999999999997,
        0.00024744999999999997,
        0.00024744999999999997,
        8.660749999999999e-05,
        8.660749999999999e-05,
        3.0312624999999993e-05,
        3.0312624999999993e-05,
        1.0609418749999997e-05,
        1.0609418749999997e-05,
        3.7132965624999986e-06
      ]
    }
  }
}