Metric,Baseline,Your Model,Improvement
Accuracy,0.6978860833822665,0.7122724603640634,0.0143863769817969
Precision,0.6348448687350835,0.6396551724137931,0.004810303678709604
Recall,0.2329246935201401,0.3248686514886165,0.09194395796847638
F1-Score,0.34080717488789236,0.43089430894308944,0.09008713405519708
Balanced Accuracy,0.5826725941098934,0.6162770819280539,0.0336044878181605
ROC-AUC,0.6972923486784699,0.736709859028547,0.03941751035007712
Sensitivity,0.2329246935201401,0.3248686514886165,0.09194395796847638
Specificity,0.9324204946996466,0.9076855123674912,-0.02473498233215543
