{
  "timestamp": "2026-04-06T13:46:35",
  "config": {
    "lookback_days": 24,
    "use_integrated_data": true,
    "weather_csv_path": "None",
    "include_live_xml": true,
    "batch_size": 17,
    "learning_rate": 0.000707,
    "dropout_prob": 0.14,
    "num_epochs": 100,
    "patience": 8,
    "hybrid_hidden_dim": 160,
    "model_names": [
      "Baseline",
      "JellyfishNet"
    ],
    "scheduler_factor": 0.5,
    "scheduler_patience": 5,
    "grad_clip_norm": 1.0,
    "threshold_min": 0.1,
    "threshold_max": 0.9,
    "threshold_steps": 81,
    "threshold_min_precision": 0.4,
    "threshold_target_recall": 0.95,
    "positive_class_weight": 1.0,
    "threshold_selection_metric": "maximize_precision_then_f1_subject_to_target_recall",
    "n_features_per_day": 33
  },
  "results": {
    "Baseline": {
      "recall": 0.9590163934426229,
      "precision": 0.3692515779981966,
      "f1": 0.533203125,
      "accuracy": 0.4275449101796407,
      "auc": 0.67273329484508,
      "threshold": 0.13,
      "val_best_recall": 0.9555837563451777,
      "val_best_f1": 0.0,
      "confusion_matrix": [
        [
          252,
          1399
        ],
        [
          35,
          819
        ]
      ],
      "train_losses": [
        0.6571035541940567,
        0.6077619206246941,
        0.5955342795526566,
        0.5906905023337796,
        0.5871283784075532,
        0.5849618977585505,
        0.5834508792085703,
        0.5827907959735671,
        0.5822909349185783,
        0.5822903260068838,
        0.5716563973489196,
        0.5708450804096322
      ],
      "val_losses": [
        0.7036627752555383,
        0.6945672274844067,
        0.6812000145783296,
        0.6802983934412131,
        0.6931703304116791,
        0.6895261998917606,
        0.6949936429391036,
        0.6854986528287063,
        0.6887533417021906,
        0.6853983968093589,
        0.6811929371308636,
        0.693342765843546
      ],
      "train_accs": [
        0.623941131171387,
        0.6778471806280483,
        0.6893129117823222,
        0.6933344742021049,
        0.6984683836741679,
        0.6966715153589459,
        0.7012064687259348,
        0.7000941216736545,
        0.699324035252845,
        0.7021476854624796,
        0.7077949858817489,
        0.7092495935655001
      ],
      "val_accs": [
        0.6689297124600639,
        0.661741214057508,
        0.6757188498402555,
        0.6837060702875399,
        0.6809105431309904,
        0.6797124600638977,
        0.6713258785942492,
        0.6733226837060703,
        0.6841054313099042,
        0.685702875399361,
        0.6769169329073482,
        0.6789137380191693
      ],
      "lr_history": [
        0.000707,
        0.000707,
        0.000707,
        0.000707,
        0.000707,
        0.000707,
        0.000707,
        0.000707,
        0.000707,
        0.0003535,
        0.0003535,
        0.0003535
      ]
    },
    "JellyfishNet": {
      "recall": 0.9648711943793911,
      "precision": 0.3667111704494882,
      "f1": 0.5314414704933893,
      "accuracy": 0.41996007984031936,
      "auc": 0.6945652127658066,
      "threshold": 0.17,
      "val_best_recall": 0.9593908629441624,
      "val_best_f1": 0.0,
      "confusion_matrix": [
        [
          228,
          1423
        ],
        [
          30,
          824
        ]
      ],
      "train_losses": [
        0.6038587568111198,
        0.5905160812097926,
        0.584263792348116,
        0.5781752788570038,
        0.5730648803156476,
        0.563856030922643,
        0.5535332849899004,
        0.5404120868201866,
        0.5203084028434268,
        0.46915277722833115,
        0.43102521940979155
      ],
      "val_losses": [
        0.5960131382217279,
        0.5802192877273302,
        0.5783414766192436,
        0.5883150610166628,
        0.5890085004471444,
        0.5843193583391808,
        0.5878946173029977,
        0.598908893562652,
        0.6172795702476759,
        0.6568371998901302,
        0.6793827055072462
      ],
      "train_accs": [
        0.677932745785916,
        0.6879438692564388,
        0.6927355180970309,
        0.6976127320954907,
        0.7018054248310088,
        0.7086506374604261,
        0.7157525455634466,
        0.7258492341918371,
        0.7384273123983913,
        0.7723111149140071,
        0.7910498844870368
      ],
      "val_accs": [
        0.6876996805111821,
        0.6896964856230032,
        0.6908945686900958,
        0.6884984025559105,
        0.6960862619808307,
        0.6980830670926518,
        0.6797124600638977,
        0.6813099041533547,
        0.6833067092651757,
        0.6773162939297125,
        0.6725239616613419
      ],
      "lr_history": [
        0.000707,
        0.000707,
        0.000707,
        0.000707,
        0.000707,
        0.000707,
        0.000707,
        0.000707,
        0.0003535,
        0.0003535,
        0.0003535
      ]
    }
  }
}