{
  "timestamp": "2026-04-05T16:51:41",
  "config": {
    "lookback_days": 14,
    "use_integrated_data": false,
    "weather_csv_path": "data/IMS/data_202603142120.csv",
    "include_live_xml": true,
    "batch_size": 32,
    "learning_rate": 0.001,
    "dropout_prob": 0.3,
    "num_epochs": 100,
    "patience": 15,
    "hybrid_hidden_dim": 64,
    "model_names": [
      "GRU",
      "JellyfishNet"
    ],
    "scheduler_factor": 0.5,
    "scheduler_patience": 5,
    "grad_clip_norm": 1.0,
    "threshold_min": 0.1,
    "threshold_max": 0.9,
    "threshold_steps": 81,
    "threshold_selection_metric": "f1_on_validation",
    "n_features_per_day": 11
  },
  "results": {
    "GRU": {
      "accuracy": 0.5747534516765286,
      "precision": 0.4152202937249666,
      "recall": 0.7548543689320388,
      "f1": 0.5357450473729544,
      "auc": 0.6736224203185557,
      "threshold": 0.26,
      "val_best_f1": 0.566401340594889,
      "confusion_matrix": [
        [
          835,
          876
        ],
        [
          202,
          622
        ]
      ]
    },
    "JellyfishNet": {
      "accuracy": 0.6220907297830375,
      "precision": 0.44561688311688313,
      "recall": 0.6662621359223301,
      "f1": 0.5340466926070039,
      "auc": 0.672262360057424,
      "threshold": 0.33999999999999997,
      "val_best_f1": 0.5786802030456853,
      "confusion_matrix": [
        [
          1028,
          683
        ],
        [
          275,
          549
        ]
      ]
    }
  }
}