{
  "timestamp": "2026-04-07T00:50:50",
  "config": {
    "lookback_days": 14,
    "use_integrated_data": false,
    "weather_csv_path": "None",
    "include_live_xml": false,
    "batch_size": 32,
    "learning_rate": 0.001,
    "dropout_prob": 0.3,
    "num_epochs": 50,
    "patience": 10,
    "hybrid_hidden_dim": 64,
    "model_names": [
      "GRU",
      "JellyfishNet"
    ],
    "scheduler_factor": 0.5,
    "scheduler_patience": 5,
    "grad_clip_norm": 1.0,
    "threshold_min": 0.1,
    "threshold_max": 0.9,
    "threshold_steps": 81,
    "threshold_min_precision": 0.4,
    "threshold_target_recall": 0.95,
    "positive_class_weight": 1.0,
    "threshold_selection_metric": "maximize_precision_then_f1_subject_to_target_recall",
    "n_features_per_day": 11
  },
  "results": {
    "GRU": {
      "recall": 0.9441747572815534,
      "precision": 0.3559011893870082,
      "f1": 0.5169435215946844,
      "accuracy": 0.4264299802761341,
      "auc": 0.6791438748702003,
      "threshold": 0.14,
      "val_best_recall": 0.9540636042402827,
      "val_best_f1": 0.0,
      "confusion_matrix": [
        [
          303,
          1408
        ],
        [
          46,
          778
        ]
      ],
      "train_losses": [
        0.601910689956433,
        0.5922037302642256,
        0.5882520647467794,
        0.585159332365603,
        0.584309924615396,
        0.5813989638476759,
        0.5795023078048551,
        0.5783007894013379,
        0.5752330216201575,
        0.573062906716321,
        0.5713293981713218,
        0.56640903659769,
        0.5640580039572072,
        0.5618848650036632,
        0.5542290032715411,
        0.5485352521812593,
        0.5450967445566848,
        0.5430951491401003
      ],
      "val_losses": [
        0.5924783740192652,
        0.5881068121641875,
        0.5881349489092826,
        0.5882453180849552,
        0.5880195584148169,
        0.5899008192121983,
        0.5840329196304083,
        0.579995832592249,
        0.5814546391367912,
        0.5804978653788566,
        0.5826404958963394,
        0.5837110433727503,
        0.5841048151254654,
        0.5806619048118591,
        0.5814535479992629,
        0.5803995046764612,
        0.5830841183662414,
        0.5869174242019654
      ],
      "train_accs": [
        0.68,
        0.6903171247357294,
        0.6938689217758985,
        0.6956448202959831,
        0.6965750528541226,
        0.6986046511627907,
        0.7002959830866807,
        0.7020718816067654,
        0.7035940803382664,
        0.7049471458773784,
        0.7069767441860465,
        0.705200845665962,
        0.7112050739957717,
        0.7123044397463002,
        0.7163636363636363,
        0.7209302325581395,
        0.7240591966173362,
        0.7231289640591966
      ],
      "val_accs": [
        0.6829846032372681,
        0.6833793920252664,
        0.6916699565732333,
        0.6873272799052507,
        0.6893012238452428,
        0.6889064350572444,
        0.693249111725227,
        0.6896960126332412,
        0.693249111725227,
        0.6924595341492301,
        0.6920647453612317,
        0.6952230556652191,
        0.6944334780892223,
        0.6837741808132649,
        0.6987761547572049,
        0.697986577181208,
        0.6936439005132254,
        0.6968022108172128
      ],
      "lr_history": [
        0.001,
        0.001,
        0.001,
        0.001,
        0.001,
        0.001,
        0.001,
        0.001,
        0.001,
        0.001,
        0.001,
        0.001,
        0.001,
        0.0005,
        0.0005,
        0.0005,
        0.0005,
        0.0005
      ]
    },
    "JellyfishNet": {
      "recall": 0.9308252427184466,
      "precision": 0.35006846188954815,
      "f1": 0.5087893864013266,
      "accuracy": 0.4157790927021696,
      "auc": 0.6821590593135225,
      "threshold": 0.12000000000000001,
      "val_best_recall": 0.9528857479387515,
      "val_best_f1": 0.0,
      "confusion_matrix": [
        [
          287,
          1424
        ],
        [
          57,
          767
        ]
      ],
      "train_losses": [
        0.6047641087222744,
        0.5918309296305115,
        0.5887496955491401,
        0.5832725648138974,
        0.581159074966972,
        0.5791527573321317,
        0.5780334801287265,
        0.5751858653248967,
        0.5741444672281678,
        0.5723477299148972,
        0.5680780205372218,
        0.5658742273981506,
        0.5627466856627851,
        0.5624358173963185,
        0.558047484707188,
        0.5542745360651532,
        0.5518181224127073,
        0.5475067513214575,
        0.5375780288432096,
        0.5315546835596497,
        0.527330615552696,
        0.5252226063528577
      ],
      "val_losses": [
        0.5920485105365515,
        0.5887217603623867,
        0.5827554166316986,
        0.5823366463184356,
        0.5831796657294035,
        0.5858973059803247,
        0.5812991365790368,
        0.5845733404159545,
        0.5845665264874697,
        0.5831760294735432,
        0.5804704673588276,
        0.5791979994624853,
        0.5821500167250633,
        0.5794380806386471,
        0.5802173320204019,
        0.581545676663518,
        0.5830965429544449,
        0.5826385337859392,
        0.5869988452643156,
        0.5924249120056629,
        0.6016190100461245,
        0.5955908127129078
      ],
      "train_accs": [
        0.6832135306553911,
        0.6911627906976744,
        0.6900634249471459,
        0.693107822410148,
        0.6965750528541226,
        0.6986046511627907,
        0.6970824524312896,
        0.7008879492600423,
        0.7012262156448203,
        0.7024947145877378,
        0.7036786469344609,
        0.7092600422832981,
        0.7109513742071881,
        0.7100211416490486,
        0.7146723044397463,
        0.7160253699788584,
        0.7221987315010571,
        0.7238054968287526,
        0.7342071881606765,
        0.73446088794926,
        0.7358985200845666,
        0.7385200845665962
      ],
      "val_accs": [
        0.6699565732333201,
        0.6936439005132254,
        0.6896960126332412,
        0.6833793920252664,
        0.6861429135412555,
        0.6825898144492697,
        0.6873272799052507,
        0.6896960126332412,
        0.6896960126332412,
        0.6794315041452823,
        0.6924595341492301,
        0.7062771417291749,
        0.6869324911172523,
        0.6853533359652586,
        0.6995657323332017,
        0.6869324911172523,
        0.6900908014212397,
        0.690485590209238,
        0.6936439005132254,
        0.6912751677852349,
        0.6818002368732728,
        0.6873272799052507
      ],
      "lr_history": [
        0.001,
        0.001,
        0.001,
        0.001,
        0.001,
        0.001,
        0.001,
        0.001,
        0.001,
        0.001,
        0.001,
        0.001,
        0.001,
        0.001,
        0.001,
        0.001,
        0.001,
        0.0005,
        0.0005,
        0.0005,
        0.0005,
        0.0005
      ]
    }
  }
}