{
  "timestamp": "2026-04-06T04:12:53",
  "config": {
    "lookback_days": 14,
    "use_integrated_data": true,
    "weather_csv_path": "None",
    "include_live_xml": false,
    "batch_size": 64,
    "learning_rate": 0.001,
    "dropout_prob": 0.3,
    "num_epochs": 1,
    "patience": 15,
    "hybrid_hidden_dim": 64,
    "model_names": [
      "JellyfishNet"
    ],
    "scheduler_factor": 0.5,
    "scheduler_patience": 5,
    "grad_clip_norm": 1.0,
    "threshold_min": 0.1,
    "threshold_max": 0.9,
    "threshold_steps": 81,
    "threshold_min_precision": 0.4,
    "threshold_selection_metric": "recall_on_validation_subject_to_min_precision",
    "n_features_per_day": 33
  },
  "results": {
    "JellyfishNet": {
      "recall": 0.8264563106796117,
      "precision": 0.37833333333333335,
      "f1": 0.5190548780487805,
      "accuracy": 0.5021696252465483,
      "auc": 0.6547922352794312,
      "threshold": 0.21000000000000002,
      "val_best_recall": 0.8739693757361602,
      "val_best_f1": 0.0,
      "confusion_matrix": [
        [
          592,
          1119
        ],
        [
          143,
          681
        ]
      ],
      "train_losses": [
        0.6123407766625688
      ],
      "val_losses": [
        0.5929791152477264
      ],
      "train_accs": [
        0.6747568710359408
      ],
      "val_accs": [
        0.6727200947493092
      ],
      "lr_history": [
        0.001
      ]
    }
  }
}