{
  "timestamp": "2026-04-04T22:34:59",
  "config": {
    "lookback_days": 14,
    "use_integrated_data": false,
    "weather_csv_path": "data/IMS/data_202603142120.csv",
    "include_live_xml": true,
    "batch_size": 32,
    "learning_rate": 0.001,
    "dropout_prob": 0.3,
    "num_epochs": 100,
    "patience": 15,
    "hybrid_hidden_dim": 96,
    "threshold_selection_metric": "f1_on_validation",
    "n_features_per_day": 11
  },
  "results": {
    "Baseline": {
      "accuracy": 0.5696252465483235,
      "precision": 0.4133679428942245,
      "recall": 0.7730582524271845,
      "f1": 0.5386892177589853,
      "auc": 0.6742597158307468,
      "threshold": 0.27,
      "val_best_f1": 0.5654664484451719,
      "confusion_matrix": [
        [
          807,
          904
        ],
        [
          187,
          637
        ]
      ]
    },
    "GRU": {
      "accuracy": 0.6307692307692307,
      "precision": 0.4501779359430605,
      "recall": 0.6140776699029126,
      "f1": 0.5195071868583162,
      "auc": 0.6732262828187683,
      "threshold": 0.32,
      "val_best_f1": 0.5738354806739346,
      "confusion_matrix": [
        [
          1093,
          618
        ],
        [
          318,
          506
        ]
      ]
    },
    "Hybrid": {
      "accuracy": 0.6149901380670612,
      "precision": 0.44251134644478063,
      "recall": 0.7099514563106796,
      "f1": 0.5452003727865796,
      "auc": 0.6850724608898446,
      "threshold": 0.31,
      "val_best_f1": 0.5772357723577235,
      "confusion_matrix": [
        [
          974,
          737
        ],
        [
          239,
          585
        ]
      ]
    }
  }
}