{
  "timestamp": "2026-04-04T22:19:51",
  "config": {
    "lookback_days": 14,
    "use_integrated_data": false,
    "weather_csv_path": "data/IMS/data_202603142120.csv",
    "include_live_xml": true,
    "batch_size": 32,
    "learning_rate": 0.001,
    "dropout_prob": 0.3,
    "num_epochs": 100,
    "patience": 15,
    "hybrid_hidden_dim": 96,
    "threshold_selection_metric": "f1_on_validation",
    "n_features_per_day": 11
  },
  "results": {
    "Baseline": {
      "accuracy": 0.5751479289940828,
      "precision": 0.41639127561136813,
      "recall": 0.7645631067961165,
      "f1": 0.5391527599486521,
      "auc": 0.6735156724336532,
      "threshold": 0.27,
      "val_best_f1": 0.5651634257343815,
      "confusion_matrix": [
        [
          828,
          883
        ],
        [
          194,
          630
        ]
      ]
    },
    "GRU": {
      "accuracy": 0.6094674556213018,
      "precision": 0.4353582554517134,
      "recall": 0.6783980582524272,
      "f1": 0.5303605313092978,
      "auc": 0.6767932935375327,
      "threshold": 0.30000000000000004,
      "val_best_f1": 0.5702517162471397,
      "confusion_matrix": [
        [
          986,
          725
        ],
        [
          265,
          559
        ]
      ]
    },
    "Hybrid": {
      "accuracy": 0.6047337278106509,
      "precision": 0.4355072463768116,
      "recall": 0.7293689320388349,
      "f1": 0.5453720508166969,
      "auc": 0.681116050909875,
      "threshold": 0.30000000000000004,
      "val_best_f1": 0.5690703735881842,
      "confusion_matrix": [
        [
          932,
          779
        ],
        [
          223,
          601
        ]
      ]
    }
  }
}