{
  "timestamp": "2026-04-04T21:33:00",
  "config": {
    "lookback_days": 14,
    "batch_size": 32,
    "learning_rate": 0.001,
    "dropout_prob": 0.3,
    "num_epochs": 100,
    "patience": 15,
    "hybrid_hidden_dim": 96,
    "threshold_selection_metric": "f1_on_validation"
  },
  "results": {
    "Baseline": {
      "accuracy": 0.5577909270216963,
      "precision": 0.4074766355140187,
      "recall": 0.7936893203883495,
      "f1": 0.5384932070811033,
      "auc": 0.6716101694915254,
      "threshold": 0.37,
      "val_best_f1": 0.5540432345876701,
      "confusion_matrix": [
        [
          760,
          951
        ],
        [
          170,
          654
        ]
      ]
    },
    "GRU": {
      "accuracy": 0.6023668639053255,
      "precision": 0.4339080459770115,
      "recall": 0.7330097087378641,
      "f1": 0.5451263537906137,
      "auc": 0.6813408952920281,
      "threshold": 0.29000000000000004,
      "val_best_f1": 0.5735422106179286,
      "confusion_matrix": [
        [
          923,
          788
        ],
        [
          220,
          604
        ]
      ]
    },
    "Hybrid": {
      "accuracy": 0.6205128205128205,
      "precision": 0.44558359621451105,
      "recall": 0.6856796116504854,
      "f1": 0.5401529636711281,
      "auc": 0.6749580101343108,
      "threshold": 0.33,
      "val_best_f1": 0.5702479338842975,
      "confusion_matrix": [
        [
          1008,
          703
        ],
        [
          259,
          565
        ]
      ]
    }
  }
}