{
  "timestamp": "2026-04-04T19:30:12",
  "config": {
    "batch_size": 32,
    "learning_rate": 0.001,
    "dropout_prob": 0.3,
    "num_epochs": 100,
    "patience": 15,
    "hybrid_hidden_dim": 96
  },
  "results": {
    "Baseline": {
      "accuracy": 0.689358372456964,
      "precision": 0.5548387096774193,
      "recall": 0.20772946859903382,
      "f1": 0.3022847100175747,
      "auc": 0.65611021649669,
      "confusion_matrix": [
        [
          1590,
          138
        ],
        [
          656,
          172
        ]
      ]
    },
    "Feedforward": {
      "accuracy": 0.6787949921752738,
      "precision": 0.5088607594936709,
      "recall": 0.2427536231884058,
      "f1": 0.3286999182338512,
      "auc": 0.6539460184066918,
      "confusion_matrix": [
        [
          1534,
          194
        ],
        [
          627,
          201
        ]
      ]
    },
    "LSTM": {
      "accuracy": 0.6744913928012519,
      "precision": 0.4957627118644068,
      "recall": 0.2826086956521739,
      "f1": 0.36,
      "auc": 0.6719127415458938,
      "confusion_matrix": [
        [
          1490,
          238
        ],
        [
          594,
          234
        ]
      ]
    },
    "GRU": {
      "accuracy": 0.6807511737089202,
      "precision": 0.5136986301369864,
      "recall": 0.2717391304347826,
      "f1": 0.35545023696682465,
      "auc": 0.6636630686392915,
      "confusion_matrix": [
        [
          1515,
          213
        ],
        [
          603,
          225
        ]
      ]
    },
    "Conv1D": {
      "accuracy": 0.6913145539906104,
      "precision": 0.5589123867069486,
      "recall": 0.22342995169082125,
      "f1": 0.31924072476272647,
      "auc": 0.6649595606324925,
      "confusion_matrix": [
        [
          1582,
          146
        ],
        [
          643,
          185
        ]
      ]
    },
    "Hybrid": {
      "accuracy": 0.6842723004694836,
      "precision": 0.5260545905707196,
      "recall": 0.2560386473429952,
      "f1": 0.34443541835905767,
      "auc": 0.6656357633297549,
      "confusion_matrix": [
        [
          1537,
          191
        ],
        [
          616,
          212
        ]
      ]
    }
  }
}