{
  "timestamp": "2026-04-06T05:17:22",
  "config": {
    "lookback_days": 14,
    "use_integrated_data": true,
    "weather_csv_path": "None",
    "include_live_xml": true,
    "batch_size": 16,
    "learning_rate": 0.0006,
    "dropout_prob": 0.15,
    "num_epochs": 12,
    "patience": 8,
    "hybrid_hidden_dim": 192,
    "model_names": [
      "JellyfishNet"
    ],
    "scheduler_factor": 0.2,
    "scheduler_patience": 1,
    "grad_clip_norm": 1.0,
    "threshold_min": 0.05,
    "threshold_max": 0.9,
    "threshold_steps": 81,
    "threshold_min_precision": 0.2,
    "threshold_target_recall": 0.95,
    "positive_class_weight": 1.6,
    "threshold_selection_metric": "maximize_precision_then_f1_subject_to_target_recall",
    "n_features_per_day": 33
  },
  "results": {
    "JellyfishNet": {
      "recall": 0.9271844660194175,
      "precision": 0.3550185873605948,
      "f1": 0.5134408602150538,
      "accuracy": 0.4287968441814596,
      "auc": 0.6726478582331346,
      "threshold": 0.166875,
      "val_best_recall": 0.9517078916372202,
      "val_best_f1": 0.0,
      "confusion_matrix": [
        [
          323,
          1388
        ],
        [
          60,
          764
        ]
      ],
      "train_losses": [
        0.7776027374573656,
        0.7629200991746542,
        0.7551585531315288,
        0.7465483181782671,
        0.7418432334790359,
        0.7186840432721215,
        0.7064751413021538,
        0.6965785798390169,
        0.6820506508688668,
        0.6789795184457624,
        0.6758292880815429,
        0.676813828260512
      ],
      "val_losses": [
        0.7625251367407025,
        0.7545426173030205,
        0.7539242577252898,
        0.7580771294404876,
        0.7615391679529874,
        0.7522403807760035,
        0.7579888742674822,
        0.7703689417374209,
        0.7716157933076223,
        0.7785710478728672,
        0.7785859426612374,
        0.778623860399678
      ],
      "train_accs": [
        0.6427906976744187,
        0.653446088794926,
        0.6627484143763214,
        0.6669767441860465,
        0.6761099365750528,
        0.6826215644820296,
        0.6986892177589852,
        0.7055391120507399,
        0.7146723044397463,
        0.7164482029598309,
        0.7226215644820296,
        0.7221987315010571
      ],
      "val_accs": [
        0.6371891038294513,
        0.6573233320173707,
        0.6537702329253849,
        0.6833793920252664,
        0.6103434662455586,
        0.6739044611133044,
        0.6754836162652981,
        0.663245163837347,
        0.6640347414133438,
        0.6687722068693249,
        0.6683774180813264,
        0.6667982629293328
      ],
      "lr_history": [
        0.0006,
        0.0006,
        0.0006,
        0.0006,
        0.00011999999999999999,
        0.00011999999999999999,
        0.00011999999999999999,
        2.4e-05,
        2.4e-05,
        4.800000000000001e-06,
        4.800000000000001e-06,
        9.600000000000001e-07
      ]
    }
  }
}