{
  "timestamp": "2026-04-06T05:26:51",
  "config": {
    "lookback_days": 21,
    "use_integrated_data": true,
    "weather_csv_path": "None",
    "include_live_xml": true,
    "batch_size": 16,
    "learning_rate": 0.0005,
    "dropout_prob": 0.1,
    "num_epochs": 12,
    "patience": 8,
    "hybrid_hidden_dim": 192,
    "model_names": [
      "JellyfishNet"
    ],
    "scheduler_factor": 0.3,
    "scheduler_patience": 1,
    "grad_clip_norm": 1.0,
    "threshold_min": 0.05,
    "threshold_max": 0.9,
    "threshold_steps": 81,
    "threshold_min_precision": 0.2,
    "threshold_target_recall": 0.95,
    "positive_class_weight": 1.6,
    "threshold_selection_metric": "maximize_precision_then_f1_subject_to_target_recall",
    "n_features_per_day": 33
  },
  "results": {
    "JellyfishNet": {
      "recall": 0.9661214953271028,
      "precision": 0.35738980121002595,
      "f1": 0.5217665615141956,
      "accuracy": 0.39697692919649963,
      "auc": 0.6998100402466658,
      "threshold": 0.20937499999999998,
      "val_best_recall": 0.9605911330049262,
      "val_best_f1": 0.0,
      "confusion_matrix": [
        [
          171,
          1487
        ],
        [
          29,
          827
        ]
      ],
      "train_losses": [
        0.7787281828964229,
        0.7639686458351505,
        0.7546116550736343,
        0.7488966125583258,
        0.7283057071177078,
        0.716424481849228,
        0.699687979800314,
        0.6921442565781358,
        0.6857138073216682,
        0.6828187852894626
      ],
      "val_losses": [
        0.7663020364418152,
        0.7516861624398808,
        0.7550155748227599,
        0.7583591810836914,
        0.752833244147574,
        0.7591918870142311,
        0.7689649601271198,
        0.778882083050005,
        0.7790736552256687,
        0.7810442931712813
      ],
      "train_accs": [
        0.6458599812398738,
        0.647139080753816,
        0.6594184360876609,
        0.6643642875415707,
        0.6797134817088769,
        0.6917370171399335,
        0.6967681418947728,
        0.7071714846081691,
        0.7137375287797391,
        0.7134817088769506
      ],
      "val_accs": [
        0.6293789808917197,
        0.6731687898089171,
        0.6488853503184714,
        0.6671974522292994,
        0.6492834394904459,
        0.6429140127388535,
        0.6751592356687898,
        0.6743630573248408,
        0.6664012738853503,
        0.6624203821656051
      ],
      "lr_history": [
        0.0005,
        0.0005,
        0.0005,
        0.00015,
        0.00015,
        4.4999999999999996e-05,
        4.4999999999999996e-05,
        1.3499999999999998e-05,
        1.3499999999999998e-05,
        4.049999999999999e-06
      ]
    }
  }
}