{
  "timestamp": "2026-04-06T05:32:05",
  "config": {
    "lookback_days": 28,
    "use_integrated_data": true,
    "weather_csv_path": "None",
    "include_live_xml": true,
    "batch_size": 16,
    "learning_rate": 0.0004,
    "dropout_prob": 0.2,
    "num_epochs": 12,
    "patience": 8,
    "hybrid_hidden_dim": 128,
    "model_names": [
      "JellyfishNet"
    ],
    "scheduler_factor": 0.3,
    "scheduler_patience": 1,
    "grad_clip_norm": 1.0,
    "threshold_min": 0.05,
    "threshold_max": 0.9,
    "threshold_steps": 81,
    "threshold_min_precision": 0.2,
    "threshold_target_recall": 0.95,
    "positive_class_weight": 1.4,
    "threshold_selection_metric": "maximize_precision_then_f1_subject_to_target_recall",
    "n_features_per_day": 33
  },
  "results": {
    "JellyfishNet": {
      "recall": 0.9753694581280788,
      "precision": 0.339186295503212,
      "f1": 0.5033365109628217,
      "accuracy": 0.3730445246690734,
      "auc": 0.7004509982622354,
      "threshold": 0.135,
      "val_best_recall": 0.9710843373493976,
      "val_best_f1": 0.0,
      "confusion_matrix": [
        [
          138,
          1543
        ],
        [
          20,
          792
        ]
      ],
      "train_losses": [
        0.7262676220673782,
        0.7089915245689533,
        0.7020480359730484,
        0.6978030874506458,
        0.6916355885319657,
        0.6882075473748066,
        0.6807370001225026,
        0.6629447598869984,
        0.6567399291178355,
        0.6485251109678667,
        0.6434414590616803,
        0.6397494238156539
      ],
      "val_losses": [
        0.7107708549652344,
        0.7134302015870045,
        0.7027870068947474,
        0.7023796846087162,
        0.6983508435197365,
        0.6989049978363209,
        0.6998447882823455,
        0.7063283876348765,
        0.7026832010119389,
        0.7090160932678443,
        0.7181027220227779,
        0.7129187459746996
      ],
      "train_accs": [
        0.6638301529998281,
        0.6816228296372701,
        0.6825683341928829,
        0.6857486676981261,
        0.6884992264053635,
        0.691765514870208,
        0.6951177582946536,
        0.7109334708612687,
        0.7106756059824652,
        0.7173800928313564,
        0.7207323362558019,
        0.7240845796802475
      ],
      "val_accs": [
        0.668672282390694,
        0.6919374247894103,
        0.6887284396309667,
        0.6799037304452467,
        0.685519454472523,
        0.6955475330926595,
        0.6843160850381067,
        0.6899318090653831,
        0.6871239470517448,
        0.6915363016446049,
        0.6923385479342158,
        0.6867228239069394
      ],
      "lr_history": [
        0.0004,
        0.0004,
        0.0004,
        0.0004,
        0.0004,
        0.0004,
        0.00012,
        0.00012,
        3.6e-05,
        3.6e-05,
        1.08e-05,
        1.08e-05
      ]
    }
  }
}