{
  "tool": "ai_toolkit_diagnostic_loop",
  "created_at": "2026-04-06T02:07:02",
  "primary_model": "JellyfishNet",
  "comparison": {
    "baseline_run": "baseline_5ep",
    "criterion": "recall_delta_pct_points"
  },
  "runs": [
    {
      "run_name": "baseline_5ep",
      "report_path": "reports/diag_loop_run0_baseline.json",
      "config": {
        "lookback_days": 14,
        "use_integrated_data": true,
        "weather_csv_path": "data/IMS/data_202603142120.csv",
        "include_live_xml": true,
        "batch_size": 32,
        "learning_rate": 0.001,
        "dropout_prob": 0.3,
        "num_epochs": 5,
        "patience": 5,
        "hybrid_hidden_dim": 64,
        "model_names": [
          "JellyfishNet"
        ],
        "scheduler_factor": 0.5,
        "scheduler_patience": 5,
        "grad_clip_norm": 1.0,
        "threshold_min": 0.1,
        "threshold_max": 0.9,
        "threshold_steps": 81,
        "threshold_min_precision": 0.4,
        "threshold_selection_metric": "recall_on_validation_subject_to_min_precision",
        "n_features_per_day": 33
      },
      "metrics": {
        "recall": 0.8349514563106796,
        "precision": 0.39677047289504036,
        "f1": 0.5379202501954652,
        "accuracy": 0.5337278106508876,
        "auc": 0.6747952284759381,
        "threshold": 0.21000000000000002,
        "recall_delta_vs_baseline_pct_points": 0.0
      },
      "curves": {
        "train_losses": [
          0.6087158981207255,
          0.5929268620304159,
          0.5916219312596965,
          0.5862787650243656,
          0.5842846482992172
        ],
        "val_losses": [
          0.5920473393052816,
          0.5893557414412498,
          0.5917637959122658,
          0.5844002984464168,
          0.588856079056859
        ],
        "train_accs": [
          0.6789852008456659,
          0.6874418604651162,
          0.6856659619450317,
          0.6906553911205074,
          0.6935306553911205
        ],
        "val_accs": [
          0.6770627714172918,
          0.6750888274772996,
          0.673509672325306,
          0.6790367153572838,
          0.6806158705092775
        ],
        "lr_history": [
          0.001,
          0.001,
          0.001,
          0.001,
          0.001
        ]
      }
    },
    {
      "run_name": "scheduler_5ep",
      "report_path": "reports/diag_loop_run1_scheduler_v2.json",
      "config": {
        "lookback_days": 14,
        "use_integrated_data": true,
        "weather_csv_path": "data/IMS/data_202603142120.csv",
        "include_live_xml": true,
        "batch_size": 32,
        "learning_rate": 0.001,
        "dropout_prob": 0.3,
        "num_epochs": 5,
        "patience": 5,
        "hybrid_hidden_dim": 64,
        "model_names": [
          "JellyfishNet"
        ],
        "scheduler_factor": 0.3,
        "scheduler_patience": 1,
        "grad_clip_norm": 1.0,
        "threshold_min": 0.1,
        "threshold_max": 0.9,
        "threshold_steps": 81,
        "threshold_min_precision": 0.4,
        "threshold_selection_metric": "recall_on_validation_subject_to_min_precision",
        "n_features_per_day": 33
      },
      "metrics": {
        "recall": 0.8398058252427184,
        "precision": 0.3900789177001127,
        "f1": 0.5327174749807545,
        "accuracy": 0.5211045364891519,
        "auc": 0.6724896869485284,
        "threshold": 0.24000000000000002,
        "recall_delta_vs_baseline_pct_points": 0.4854368932038833
      },
      "curves": {
        "train_losses": [
          0.6097188520270425,
          0.5942182596470859,
          0.5920320475423658,
          0.5865592388687907,
          0.583971702488693
        ],
        "val_losses": [
          0.5972236946225167,
          0.5911615163087844,
          0.5894194643944501,
          0.5855226028710604,
          0.5887126125395298
        ],
        "train_accs": [
          0.6812684989429175,
          0.6880338266384778,
          0.6890486257928118,
          0.6923467230443975,
          0.6956448202959831
        ],
        "val_accs": [
          0.6679826292933281,
          0.6798262929332807,
          0.6869324911172523,
          0.6845637583892618,
          0.6889064350572444
        ],
        "lr_history": [
          0.001,
          0.001,
          0.001,
          0.001,
          0.001
        ]
      }
    },
    {
      "run_name": "structural_hd128_5ep",
      "report_path": "reports/diag_loop_run2_structural_hd128.json",
      "config": {
        "lookback_days": 14,
        "use_integrated_data": true,
        "weather_csv_path": "data/IMS/data_202603142120.csv",
        "include_live_xml": true,
        "batch_size": 32,
        "learning_rate": 0.001,
        "dropout_prob": 0.25,
        "num_epochs": 5,
        "patience": 5,
        "hybrid_hidden_dim": 128,
        "model_names": [
          "JellyfishNet"
        ],
        "scheduler_factor": 0.3,
        "scheduler_patience": 1,
        "grad_clip_norm": 1.0,
        "threshold_min": 0.1,
        "threshold_max": 0.9,
        "threshold_steps": 81,
        "threshold_min_precision": 0.4,
        "threshold_selection_metric": "recall_on_validation_subject_to_min_precision",
        "n_features_per_day": 33
      },
      "metrics": {
        "recall": 0.8446601941747572,
        "precision": 0.39057239057239057,
        "f1": 0.5341519570222563,
        "accuracy": 0.5211045364891519,
        "auc": 0.6718821815437517,
        "threshold": 0.2,
        "recall_delta_vs_baseline_pct_points": 0.9708737864077666
      },
      "curves": {
        "train_losses": [
          0.6028106488086081,
          0.5917441861855017,
          0.5873727372369251,
          0.5825087828410639,
          0.5745057174482862
        ],
        "val_losses": [
          0.5982647281140089,
          0.589667521044612,
          0.591690917685628,
          0.5913766339421272,
          0.5826545599848032
        ],
        "train_accs": [
          0.6848202959830867,
          0.6885412262156448,
          0.6917547568710359,
          0.691585623678647,
          0.6991120507399577
        ],
        "val_accs": [
          0.6683774180813264,
          0.6758784050532964,
          0.670746150809317,
          0.6754836162652981,
          0.6896960126332412
        ],
        "lr_history": [
          0.001,
          0.001,
          0.001,
          0.0003,
          0.0003
        ]
      }
    }
  ]
}