{
  "timestamp": "2026-04-07T01:44:03",
  "n_total_rows": 1023,
  "n_valid_compared": 756,
  "Baseline": {
    "n": 756,
    "accuracy": 0.4246031746031746,
    "precision": 1.0,
    "recall": 0.4246031746031746,
    "f1": 0.596100278551532,
    "tp": 321,
    "fp": 0,
    "fn": 435,
    "tn": 0
  },
  "JellyfishNet": {
    "n": 756,
    "accuracy": 0.20238095238095238,
    "precision": 1.0,
    "recall": 0.20238095238095238,
    "f1": 0.33663366336633666,
    "tp": 153,
    "fp": 0,
    "fn": 603,
    "tn": 0
  }
}