{
  "n_rows_window": 330,
  "n_valid_compared": 283,
  "Baseline": {
    "n": 283,
    "accuracy": 0.508833922261484,
    "precision": 1.0,
    "recall": 0.508833922261484,
    "f1": 0.6744730679156907,
    "tp": 144,
    "fp": 0,
    "fn": 139,
    "tn": 0
  },
  "JellyfishNet": {
    "n": 283,
    "accuracy": 0.30742049469964666,
    "precision": 1.0,
    "recall": 0.30742049469964666,
    "f1": 0.4702702702702703,
    "tp": 87,
    "fp": 0,
    "fn": 196,
    "tn": 0
  }
}