{
  "timestamp": "2026-04-05T14:13:08",
  "config": {
    "lookback_days": 21,
    "use_integrated_data": true,
    "weather_csv_path": "data/IMS/data_202603142120.csv",
    "include_live_xml": true,
    "batch_size": 32,
    "learning_rate": 0.0003,
    "dropout_prob": 0.25,
    "num_epochs": 80,
    "patience": 10,
    "hybrid_hidden_dim": 64,
    "model_names": [
      "GRU",
      "Hybrid"
    ],
    "threshold_selection_metric": "f1_on_validation",
    "n_features_per_day": 33
  },
  "results": {
    "GRU": {
      "accuracy": 0.6388225934765315,
      "precision": 0.4807976366322009,
      "recall": 0.7605140186915887,
      "f1": 0.5891402714932127,
      "auc": 0.7119876159769116,
      "threshold": 0.28,
      "val_best_f1": 0.5606418121755545,
      "confusion_matrix": [
        [
          955,
          703
        ],
        [
          205,
          651
        ]
      ]
    },
    "Hybrid": {
      "accuracy": 0.6634844868735084,
      "precision": 0.5043103448275862,
      "recall": 0.6834112149532711,
      "f1": 0.5803571428571429,
      "auc": 0.7136187614849554,
      "threshold": 0.32,
      "val_best_f1": 0.5638629283489097,
      "confusion_matrix": [
        [
          1083,
          575
        ],
        [
          271,
          585
        ]
      ]
    }
  }
}