{
  "timestamp": "2026-04-05T13:05:16",
  "config": {
    "lookback_days": 14,
    "use_integrated_data": true,
    "weather_csv_path": "data/IMS/data_202603142120.csv",
    "include_live_xml": true,
    "batch_size": 48,
    "learning_rate": 0.001,
    "dropout_prob": 0.25,
    "num_epochs": 100,
    "patience": 15,
    "hybrid_hidden_dim": 96,
    "threshold_selection_metric": "f1_on_validation",
    "n_features_per_day": 33
  },
  "results": {
    "GRU": {
      "accuracy": 0.6260355029585799,
      "precision": 0.45024077046548955,
      "recall": 0.6808252427184466,
      "f1": 0.5420289855072464,
      "auc": 0.6829229627822258,
      "threshold": 0.31,
      "val_best_f1": 0.5730232558139534,
      "confusion_matrix": [
        [
          1026,
          685
        ],
        [
          263,
          561
        ]
      ]
    },
    "Hybrid": {
      "accuracy": 0.6220907297830375,
      "precision": 0.4464856230031949,
      "recall": 0.6783980582524272,
      "f1": 0.5385356454720617,
      "auc": 0.6767471897998671,
      "threshold": 0.33,
      "val_best_f1": 0.5710319296621934,
      "confusion_matrix": [
        [
          1018,
          693
        ],
        [
          265,
          559
        ]
      ]
    }
  }
}