{
  "timestamp": "2026-04-05T16:22:22",
  "config": {
    "lookback_days": 14,
    "use_integrated_data": true,
    "weather_csv_path": "data/IMS/data_202603142120.csv",
    "include_live_xml": true,
    "batch_size": 32,
    "learning_rate": 0.0005,
    "dropout_prob": 0.25,
    "num_epochs": 100,
    "patience": 15,
    "hybrid_hidden_dim": 64,
    "model_names": [
      "GRU",
      "Hybrid"
    ],
    "threshold_selection_metric": "f1_on_validation",
    "n_features_per_day": 33
  },
  "results": {
    "GRU": {
      "accuracy": 0.6303747534516765,
      "precision": 0.4551231135822081,
      "recall": 0.6953883495145631,
      "f1": 0.5501680268843014,
      "auc": 0.6901257851821169,
      "threshold": 0.29000000000000004,
      "val_best_f1": 0.5819710415693602,
      "confusion_matrix": [
        [
          1025,
          686
        ],
        [
          251,
          573
        ]
      ]
    },
    "Hybrid": {
      "accuracy": 0.6142011834319526,
      "precision": 0.4420180722891566,
      "recall": 0.712378640776699,
      "f1": 0.5455390334572491,
      "auc": 0.6850540193947785,
      "threshold": 0.30000000000000004,
      "val_best_f1": 0.5850826261723984,
      "confusion_matrix": [
        [
          970,
          741
        ],
        [
          237,
          587
        ]
      ]
    }
  }
}