{
  "timestamp": "2026-04-05T17:56:33",
  "config": {
    "lookback_days": 14,
    "use_integrated_data": true,
    "weather_csv_path": "data/IMS/data_202603142120.csv",
    "include_live_xml": true,
    "batch_size": 48,
    "learning_rate": 0.001,
    "dropout_prob": 0.25,
    "num_epochs": 100,
    "patience": 10,
    "hybrid_hidden_dim": 128,
    "model_names": [
      "GRU",
      "JellyfishNet"
    ],
    "scheduler_factor": 0.5,
    "scheduler_patience": 5,
    "grad_clip_norm": 1.0,
    "threshold_min": 0.1,
    "threshold_max": 0.9,
    "threshold_steps": 81,
    "threshold_selection_metric": "f1_on_validation",
    "n_features_per_day": 33
  },
  "results": {
    "GRU": {
      "accuracy": 0.6122287968441814,
      "precision": 0.44080416976917347,
      "recall": 0.7184466019417476,
      "f1": 0.5463774803876327,
      "auc": 0.681204711943847,
      "threshold": 0.30000000000000004,
      "val_best_f1": 0.5761353517364203,
      "confusion_matrix": [
        [
          960,
          751
        ],
        [
          232,
          592
        ]
      ]
    },
    "JellyfishNet": {
      "accuracy": 0.6007889546351085,
      "precision": 0.4306784660766962,
      "recall": 0.7087378640776699,
      "f1": 0.5357798165137616,
      "auc": 0.6765461065748186,
      "threshold": 0.29000000000000004,
      "val_best_f1": 0.5694200351493849,
      "confusion_matrix": [
        [
          939,
          772
        ],
        [
          240,
          584
        ]
      ]
    }
  }
}