{
  "timestamp": "2026-04-05T13:57:40",
  "config": {
    "lookback_days": 14,
    "use_integrated_data": true,
    "weather_csv_path": "data/IMS/data_202603142120.csv",
    "include_live_xml": true,
    "batch_size": 32,
    "learning_rate": 0.0005,
    "dropout_prob": 0.2,
    "num_epochs": 80,
    "patience": 10,
    "hybrid_hidden_dim": 96,
    "model_names": [
      "GRU",
      "Hybrid"
    ],
    "threshold_selection_metric": "f1_on_validation",
    "n_features_per_day": 33
  },
  "results": {
    "GRU": {
      "accuracy": 0.6272189349112426,
      "precision": 0.45140562248995986,
      "recall": 0.6820388349514563,
      "f1": 0.5432576123731272,
      "auc": 0.6846444054178276,
      "threshold": 0.29000000000000004,
      "val_best_f1": 0.5839552238805971,
      "confusion_matrix": [
        [
          1028,
          683
        ],
        [
          262,
          562
        ]
      ]
    },
    "Hybrid": {
      "accuracy": 0.5936883629191322,
      "precision": 0.4281729428172943,
      "recall": 0.7451456310679612,
      "f1": 0.5438441098317095,
      "auc": 0.6845585815369426,
      "threshold": 0.25,
      "val_best_f1": 0.5732703051138806,
      "confusion_matrix": [
        [
          891,
          820
        ],
        [
          210,
          614
        ]
      ]
    }
  }
}