{
  "timestamp": "2026-04-05T21:09:27",
  "config": {
    "lookback_days": 14,
    "use_integrated_data": true,
    "weather_csv_path": "data/IMS/data_202603142120.csv",
    "include_live_xml": true,
    "batch_size": 48,
    "learning_rate": 0.0005,
    "dropout_prob": 0.15,
    "num_epochs": 80,
    "patience": 10,
    "hybrid_hidden_dim": 128,
    "model_names": [
      "GRU",
      "JellyfishNet"
    ],
    "scheduler_factor": 0.5,
    "scheduler_patience": 5,
    "grad_clip_norm": 1.0,
    "threshold_min": 0.1,
    "threshold_max": 0.9,
    "threshold_steps": 81,
    "threshold_selection_metric": "f1_on_validation",
    "n_features_per_day": 33
  },
  "results": {
    "GRU": {
      "accuracy": 0.632741617357002,
      "precision": 0.4548523206751055,
      "recall": 0.654126213592233,
      "f1": 0.5365853658536586,
      "auc": 0.6866648130599831,
      "threshold": 0.30000000000000004,
      "val_best_f1": 0.5768681580199905,
      "confusion_matrix": [
        [
          1065,
          646
        ],
        [
          285,
          539
        ]
      ]
    },
    "JellyfishNet": {
      "accuracy": 0.6216962524654832,
      "precision": 0.44672454617206,
      "recall": 0.6868932038834952,
      "f1": 0.5413677666188428,
      "auc": 0.6762247989877038,
      "threshold": 0.36,
      "val_best_f1": 0.5682758620689655,
      "confusion_matrix": [
        [
          1010,
          701
        ],
        [
          258,
          566
        ]
      ]
    }
  }
}