{
  "timestamp": "2026-04-05T20:25:41",
  "config": {
    "lookback_days": 14,
    "use_integrated_data": true,
    "weather_csv_path": "data/IMS/data_202603142120.csv",
    "include_live_xml": true,
    "batch_size": 48,
    "learning_rate": 0.001,
    "dropout_prob": 0.2,
    "num_epochs": 80,
    "patience": 10,
    "hybrid_hidden_dim": 64,
    "model_names": [
      "GRU",
      "JellyfishNet"
    ],
    "scheduler_factor": 0.5,
    "scheduler_patience": 5,
    "grad_clip_norm": 1.0,
    "threshold_min": 0.1,
    "threshold_max": 0.9,
    "threshold_steps": 81,
    "threshold_selection_metric": "f1_on_validation",
    "n_features_per_day": 33
  },
  "results": {
    "GRU": {
      "accuracy": 0.6165680473372781,
      "precision": 0.4444444444444444,
      "recall": 0.7184466019417476,
      "f1": 0.549165120593692,
      "auc": 0.6875755392009442,
      "threshold": 0.26,
      "val_best_f1": 0.5830357142857142,
      "confusion_matrix": [
        [
          971,
          740
        ],
        [
          232,
          592
        ]
      ]
    },
    "JellyfishNet": {
      "accuracy": 0.618145956607495,
      "precision": 0.44537177541729894,
      "recall": 0.712378640776699,
      "f1": 0.5480859010270775,
      "auc": 0.676951110178003,
      "threshold": 0.30000000000000004,
      "val_best_f1": 0.5691489361702128,
      "confusion_matrix": [
        [
          980,
          731
        ],
        [
          237,
          587
        ]
      ]
    }
  }
}