{
  "timestamp": "2026-04-05T21:01:32",
  "config": {
    "lookback_days": 21,
    "use_integrated_data": true,
    "weather_csv_path": "data/IMS/data_202603142120.csv",
    "include_live_xml": true,
    "batch_size": 32,
    "learning_rate": 0.0005,
    "dropout_prob": 0.25,
    "num_epochs": 80,
    "patience": 10,
    "hybrid_hidden_dim": 96,
    "model_names": [
      "GRU",
      "JellyfishNet"
    ],
    "scheduler_factor": 0.5,
    "scheduler_patience": 5,
    "grad_clip_norm": 1.0,
    "threshold_min": 0.1,
    "threshold_max": 0.9,
    "threshold_steps": 81,
    "threshold_selection_metric": "f1_on_validation",
    "n_features_per_day": 33
  },
  "results": {
    "GRU": {
      "accuracy": 0.630071599045346,
      "precision": 0.47291361639824303,
      "recall": 0.7546728971962616,
      "f1": 0.5814581458145813,
      "auc": 0.7170462808473219,
      "threshold": 0.28,
      "val_best_f1": 0.5580736543909347,
      "confusion_matrix": [
        [
          938,
          720
        ],
        [
          210,
          646
        ]
      ]
    },
    "JellyfishNet": {
      "accuracy": 0.616945107398568,
      "precision": 0.4625612316305108,
      "recall": 0.772196261682243,
      "f1": 0.5785557986870896,
      "auc": 0.709570843150739,
      "threshold": 0.29000000000000004,
      "val_best_f1": 0.5603290676416819,
      "confusion_matrix": [
        [
          890,
          768
        ],
        [
          195,
          661
        ]
      ]
    }
  }
}