{
  "timestamp": "2026-04-05T15:15:16",
  "config": {
    "lookback_days": 14,
    "use_integrated_data": true,
    "weather_csv_path": "data/IMS/data_202603142120.csv",
    "include_live_xml": true,
    "batch_size": 32,
    "learning_rate": 0.0005,
    "dropout_prob": 0.25,
    "num_epochs": 100,
    "patience": 15,
    "hybrid_hidden_dim": 96,
    "model_names": [
      "GRU",
      "Hybrid"
    ],
    "threshold_selection_metric": "f1_on_validation",
    "n_features_per_day": 33
  },
  "results": {
    "GRU": {
      "accuracy": 0.624457593688363,
      "precision": 0.44871794871794873,
      "recall": 0.6796116504854369,
      "f1": 0.5405405405405405,
      "auc": 0.6833779712085705,
      "threshold": 0.31,
      "val_best_f1": 0.5732838589981447,
      "confusion_matrix": [
        [
          1023,
          688
        ],
        [
          264,
          560
        ]
      ]
    },
    "Hybrid": {
      "accuracy": 0.6295857988165681,
      "precision": 0.4555984555984556,
      "recall": 0.7160194174757282,
      "f1": 0.5568664464369986,
      "auc": 0.6873765838407109,
      "threshold": 0.27,
      "val_best_f1": 0.5757711220384443,
      "confusion_matrix": [
        [
          1006,
          705
        ],
        [
          234,
          590
        ]
      ]
    }
  }
}