{
  "timestamp": "2026-04-05T20:49:21",
  "config": {
    "lookback_days": 21,
    "use_integrated_data": true,
    "weather_csv_path": "data/IMS/data_202603142120.csv",
    "include_live_xml": true,
    "batch_size": 48,
    "learning_rate": 0.0003,
    "dropout_prob": 0.2,
    "num_epochs": 80,
    "patience": 15,
    "hybrid_hidden_dim": 64,
    "model_names": [
      "GRU",
      "JellyfishNet"
    ],
    "scheduler_factor": 0.5,
    "scheduler_patience": 5,
    "grad_clip_norm": 1.0,
    "threshold_min": 0.1,
    "threshold_max": 0.9,
    "threshold_steps": 81,
    "threshold_selection_metric": "f1_on_validation",
    "n_features_per_day": 33
  },
  "results": {
    "GRU": {
      "accuracy": 0.6515513126491647,
      "precision": 0.492,
      "recall": 0.7184579439252337,
      "f1": 0.584045584045584,
      "auc": 0.7138784060291083,
      "threshold": 0.30000000000000004,
      "val_best_f1": 0.5560538116591928,
      "confusion_matrix": [
        [
          1023,
          635
        ],
        [
          241,
          615
        ]
      ]
    },
    "JellyfishNet": {
      "accuracy": 0.5998408910103421,
      "precision": 0.4497991967871486,
      "recall": 0.7850467289719626,
      "f1": 0.5719148936170213,
      "auc": 0.7080950616100921,
      "threshold": 0.24000000000000002,
      "val_best_f1": 0.5554569653948536,
      "confusion_matrix": [
        [
          836,
          822
        ],
        [
          184,
          672
        ]
      ]
    }
  }
}