{
  "timestamp": "2026-04-05T20:01:22",
  "config": {
    "lookback_days": 21,
    "use_integrated_data": true,
    "weather_csv_path": "data/IMS/data_202603142120.csv",
    "include_live_xml": true,
    "batch_size": 48,
    "learning_rate": 0.001,
    "dropout_prob": 0.25,
    "num_epochs": 100,
    "patience": 10,
    "hybrid_hidden_dim": 64,
    "model_names": [
      "GRU",
      "JellyfishNet"
    ],
    "scheduler_factor": 0.5,
    "scheduler_patience": 5,
    "grad_clip_norm": 1.0,
    "threshold_min": 0.1,
    "threshold_max": 0.9,
    "threshold_steps": 81,
    "threshold_selection_metric": "f1_on_validation",
    "n_features_per_day": 33
  },
  "results": {
    "GRU": {
      "accuracy": 0.6272871917263325,
      "precision": 0.4714587737843552,
      "recall": 0.7815420560747663,
      "f1": 0.5881318681318681,
      "auc": 0.7160112256631681,
      "threshold": 0.28,
      "val_best_f1": 0.563820018365473,
      "confusion_matrix": [
        [
          908,
          750
        ],
        [
          187,
          669
        ]
      ]
    },
    "JellyfishNet": {
      "accuracy": 0.6408114558472554,
      "precision": 0.48127490039840637,
      "recall": 0.705607476635514,
      "f1": 0.572240644244434,
      "auc": 0.7074073734822949,
      "threshold": 0.30000000000000004,
      "val_best_f1": 0.5624074987666502,
      "confusion_matrix": [
        [
          1007,
          651
        ],
        [
          252,
          604
        ]
      ]
    }
  }
}