{
  "timestamp": "2026-04-05T16:31:22",
  "config": {
    "lookback_days": 14,
    "use_integrated_data": true,
    "weather_csv_path": "data/IMS/data_202603142120.csv",
    "include_live_xml": true,
    "batch_size": 48,
    "learning_rate": 0.0003,
    "dropout_prob": 0.3,
    "num_epochs": 100,
    "patience": 15,
    "hybrid_hidden_dim": 128,
    "model_names": [
      "GRU",
      "JellyfishNet"
    ],
    "threshold_selection_metric": "f1_on_validation",
    "n_features_per_day": 33
  },
  "results": {
    "GRU": {
      "accuracy": 0.619723865877712,
      "precision": 0.4453125,
      "recall": 0.691747572815534,
      "f1": 0.5418250950570342,
      "auc": 0.6831559639795044,
      "threshold": 0.31,
      "val_best_f1": 0.5731315910132967,
      "confusion_matrix": [
        [
          1001,
          710
        ],
        [
          254,
          570
        ]
      ]
    },
    "JellyfishNet": {
      "accuracy": 0.6410256410256411,
      "precision": 0.46293103448275863,
      "recall": 0.6516990291262136,
      "f1": 0.5413306451612904,
      "auc": 0.6812171244886032,
      "threshold": 0.35,
      "val_best_f1": 0.5669751583049196,
      "confusion_matrix": [
        [
          1088,
          623
        ],
        [
          287,
          537
        ]
      ]
    }
  }
}