{
  "timestamp": "2026-04-05T21:19:41",
  "config": {
    "lookback_days": 14,
    "use_integrated_data": true,
    "weather_csv_path": "data/IMS/data_202603142120.csv",
    "include_live_xml": true,
    "batch_size": 48,
    "learning_rate": 0.001,
    "dropout_prob": 0.15,
    "num_epochs": 100,
    "patience": 15,
    "hybrid_hidden_dim": 64,
    "model_names": [
      "GRU",
      "JellyfishNet"
    ],
    "scheduler_factor": 0.5,
    "scheduler_patience": 5,
    "grad_clip_norm": 1.0,
    "threshold_min": 0.1,
    "threshold_max": 0.9,
    "threshold_steps": 81,
    "threshold_selection_metric": "f1_on_validation",
    "n_features_per_day": 33
  },
  "results": {
    "GRU": {
      "accuracy": 0.6138067061143985,
      "precision": 0.4392156862745098,
      "recall": 0.6796116504854369,
      "f1": 0.5335874225821821,
      "auc": 0.6746877713027639,
      "threshold": 0.30000000000000004,
      "val_best_f1": 0.569713758079409,
      "confusion_matrix": [
        [
          996,
          715
        ],
        [
          264,
          560
        ]
      ]
    },
    "JellyfishNet": {
      "accuracy": 0.624457593688363,
      "precision": 0.44863563402889245,
      "recall": 0.6783980582524272,
      "f1": 0.5400966183574879,
      "auc": 0.6761333008006447,
      "threshold": 0.29000000000000004,
      "val_best_f1": 0.5740826753367394,
      "confusion_matrix": [
        [
          1024,
          687
        ],
        [
          265,
          559
        ]
      ]
    }
  }
}