{
  "timestamp": "2026-04-05T14:25:24",
  "config": {
    "lookback_days": 21,
    "use_integrated_data": true,
    "weather_csv_path": "data/IMS/data_202603142120.csv",
    "include_live_xml": true,
    "batch_size": 48,
    "learning_rate": 0.0003,
    "dropout_prob": 0.25,
    "num_epochs": 80,
    "patience": 15,
    "hybrid_hidden_dim": 64,
    "model_names": [
      "GRU",
      "Hybrid"
    ],
    "threshold_selection_metric": "f1_on_validation",
    "n_features_per_day": 33
  },
  "results": {
    "GRU": {
      "accuracy": 0.6272871917263325,
      "precision": 0.4715390021082221,
      "recall": 0.7838785046728972,
      "f1": 0.5888547608600263,
      "auc": 0.7175053267645964,
      "threshold": 0.26,
      "val_best_f1": 0.5606962895098487,
      "confusion_matrix": [
        [
          906,
          752
        ],
        [
          185,
          671
        ]
      ]
    },
    "Hybrid": {
      "accuracy": 0.6002386634844868,
      "precision": 0.4508250825082508,
      "recall": 0.7978971962616822,
      "f1": 0.5761282159426402,
      "auc": 0.7114013900319043,
      "threshold": 0.25,
      "val_best_f1": 0.562610229276896,
      "confusion_matrix": [
        [
          826,
          832
        ],
        [
          173,
          683
        ]
      ]
    }
  }
}