{
  "timestamp": "2026-04-05T16:57:26",
  "config": {
    "lookback_days": 14,
    "use_integrated_data": true,
    "weather_csv_path": "data/IMS/data_202603142120.csv",
    "include_live_xml": true,
    "batch_size": 32,
    "learning_rate": 0.0003,
    "dropout_prob": 0.25,
    "num_epochs": 100,
    "patience": 10,
    "hybrid_hidden_dim": 96,
    "model_names": [
      "GRU",
      "JellyfishNet"
    ],
    "scheduler_factor": 0.5,
    "scheduler_patience": 5,
    "grad_clip_norm": 1.0,
    "threshold_min": 0.1,
    "threshold_max": 0.9,
    "threshold_steps": 81,
    "threshold_selection_metric": "f1_on_validation",
    "n_features_per_day": 33
  },
  "results": {
    "GRU": {
      "accuracy": 0.6331360946745562,
      "precision": 0.45627062706270627,
      "recall": 0.6711165048543689,
      "f1": 0.5432220039292731,
      "auc": 0.6846298650082561,
      "threshold": 0.32,
      "val_best_f1": 0.5753424657534246,
      "confusion_matrix": [
        [
          1052,
          659
        ],
        [
          271,
          553
        ]
      ]
    },
    "JellyfishNet": {
      "accuracy": 0.6232741617357002,
      "precision": 0.4482213438735178,
      "recall": 0.6881067961165048,
      "f1": 0.5428434657730972,
      "auc": 0.6782803163993123,
      "threshold": 0.29000000000000004,
      "val_best_f1": 0.5821854912764004,
      "confusion_matrix": [
        [
          1013,
          698
        ],
        [
          257,
          567
        ]
      ]
    }
  }
}