{
  "timestamp": "2026-04-05T13:58:49",
  "config": {
    "lookback_days": 21,
    "use_integrated_data": true,
    "weather_csv_path": "data/IMS/data_202603142120.csv",
    "include_live_xml": true,
    "batch_size": 32,
    "learning_rate": 0.001,
    "dropout_prob": 0.2,
    "num_epochs": 80,
    "patience": 10,
    "hybrid_hidden_dim": 96,
    "model_names": [
      "GRU",
      "Hybrid"
    ],
    "threshold_selection_metric": "f1_on_validation",
    "n_features_per_day": 33
  },
  "results": {
    "GRU": {
      "accuracy": 0.6408114558472554,
      "precision": 0.48168355416991426,
      "recall": 0.7219626168224299,
      "f1": 0.5778401122019635,
      "auc": 0.7140594878414483,
      "threshold": 0.30000000000000004,
      "val_best_f1": 0.5666171371966321,
      "confusion_matrix": [
        [
          993,
          665
        ],
        [
          238,
          618
        ]
      ]
    },
    "Hybrid": {
      "accuracy": 0.6177406523468576,
      "precision": 0.46361746361746364,
      "recall": 0.7815420560747663,
      "f1": 0.5819921705089168,
      "auc": 0.7060034609877908,
      "threshold": 0.28,
      "val_best_f1": 0.5669077757685352,
      "confusion_matrix": [
        [
          884,
          774
        ],
        [
          187,
          669
        ]
      ]
    }
  }
}