{
  "timestamp": "2026-04-05T14:58:44",
  "config": {
    "lookback_days": 21,
    "use_integrated_data": true,
    "weather_csv_path": "data/IMS/data_202603142120.csv",
    "include_live_xml": true,
    "batch_size": 32,
    "learning_rate": 0.001,
    "dropout_prob": 0.2,
    "num_epochs": 80,
    "patience": 10,
    "hybrid_hidden_dim": 96,
    "model_names": [
      "GRU",
      "Hybrid"
    ],
    "threshold_selection_metric": "f1_on_validation",
    "n_features_per_day": 33
  },
  "results": {
    "GRU": {
      "accuracy": 0.6030230708035004,
      "precision": 0.45272969374167776,
      "recall": 0.794392523364486,
      "f1": 0.5767599660729431,
      "auc": 0.7102306996381182,
      "threshold": 0.24000000000000002,
      "val_best_f1": 0.56477821695213,
      "confusion_matrix": [
        [
          836,
          822
        ],
        [
          176,
          680
        ]
      ]
    },
    "Hybrid": {
      "accuracy": 0.6463802704852825,
      "precision": 0.4867894315452362,
      "recall": 0.7102803738317757,
      "f1": 0.5776722090261283,
      "auc": 0.7086189305885935,
      "threshold": 0.36,
      "val_best_f1": 0.5664509706321553,
      "confusion_matrix": [
        [
          1017,
          641
        ],
        [
          248,
          608
        ]
      ]
    }
  }
}