{
  "timestamp": "2026-04-05T14:45:15",
  "config": {
    "lookback_days": 14,
    "use_integrated_data": true,
    "weather_csv_path": "data/IMS/data_202603142120.csv",
    "include_live_xml": true,
    "batch_size": 32,
    "learning_rate": 0.0005,
    "dropout_prob": 0.2,
    "num_epochs": 80,
    "patience": 10,
    "hybrid_hidden_dim": 96,
    "model_names": [
      "GRU",
      "Hybrid"
    ],
    "threshold_selection_metric": "f1_on_validation",
    "n_features_per_day": 33
  },
  "results": {
    "GRU": {
      "accuracy": 0.6445759368836292,
      "precision": 0.4656556645851918,
      "recall": 0.633495145631068,
      "f1": 0.5367609254498716,
      "auc": 0.6847078867181515,
      "threshold": 0.33,
      "val_best_f1": 0.5677673730901922,
      "confusion_matrix": [
        [
          1112,
          599
        ],
        [
          302,
          522
        ]
      ]
    },
    "Hybrid": {
      "accuracy": 0.6315581854043393,
      "precision": 0.4560702875399361,
      "recall": 0.6929611650485437,
      "f1": 0.5500963391136802,
      "auc": 0.685687413821475,
      "threshold": 0.29000000000000004,
      "val_best_f1": 0.5811494252873562,
      "confusion_matrix": [
        [
          1030,
          681
        ],
        [
          253,
          571
        ]
      ]
    }
  }
}