{
  "timestamp": "2026-04-05T15:17:56",
  "config": {
    "lookback_days": 21,
    "use_integrated_data": true,
    "weather_csv_path": "data/IMS/data_202603142120.csv",
    "include_live_xml": true,
    "batch_size": 32,
    "learning_rate": 0.0005,
    "dropout_prob": 0.2,
    "num_epochs": 80,
    "patience": 10,
    "hybrid_hidden_dim": 96,
    "model_names": [
      "GRU",
      "Hybrid"
    ],
    "threshold_selection_metric": "f1_on_validation",
    "n_features_per_day": 33
  },
  "results": {
    "GRU": {
      "accuracy": 0.6348448687350835,
      "precision": 0.47723935389133626,
      "recall": 0.7593457943925234,
      "f1": 0.5861136158701533,
      "auc": 0.7199964347316326,
      "threshold": 0.27,
      "val_best_f1": 0.5591191957874581,
      "confusion_matrix": [
        [
          946,
          712
        ],
        [
          206,
          650
        ]
      ]
    },
    "Hybrid": {
      "accuracy": 0.637629276054097,
      "precision": 0.47918243754731266,
      "recall": 0.7394859813084113,
      "f1": 0.5815342214056041,
      "auc": 0.7138466990969865,
      "threshold": 0.31,
      "val_best_f1": 0.5756847669389716,
      "confusion_matrix": [
        [
          970,
          688
        ],
        [
          223,
          633
        ]
      ]
    }
  }
}