n_samples,accuracy,precision,recall,f1,tn,fp,fn,tp
16696,0.7049592716818399,0.6241830065359477,0.24496152436790034,0.3518421052631579,10433,805,4121,1337
