{
  "timestamp": "2026-04-06T12:16:22",
  "config": {
    "lookback_days": 24,
    "use_integrated_data": true,
    "weather_csv_path": "None",
    "include_live_xml": true,
    "batch_size": 17,
    "learning_rate": 0.000707,
    "dropout_prob": 0.14,
    "num_epochs": 100,
    "patience": 8,
    "hybrid_hidden_dim": 160,
    "model_names": [
      "Baseline"
    ],
    "scheduler_factor": 0.35,
    "scheduler_patience": 1,
    "grad_clip_norm": 1.0,
    "threshold_min": 0.1,
    "threshold_max": 0.9,
    "threshold_steps": 81,
    "threshold_min_precision": 0.4,
    "threshold_target_recall": 0.95,
    "positive_class_weight": 1.73,
    "threshold_selection_metric": "maximize_precision_then_f1_subject_to_target_recall",
    "n_features_per_day": 33
  },
  "results": {
    "Baseline": {
      "recall": 0.9590163934426229,
      "precision": 0.36367673179396093,
      "f1": 0.5273663876368319,
      "accuracy": 0.41397205588822356,
      "auc": 0.6801846017671498,
      "threshold": 0.21000000000000002,
      "val_best_recall": 0.9517766497461929,
      "val_best_f1": 0.0,
      "confusion_matrix": [
        [
          218,
          1433
        ],
        [
          35,
          819
        ]
      ],
      "train_losses": [
        0.8324890701143548,
        0.8016242931142102,
        0.7979893287600472,
        0.7770183636092169,
        0.7751691006990367,
        0.7730498148864785,
        0.7676571138029875,
        0.7666974512990131,
        0.7641081599908512,
        0.7645635156524043,
        0.7631591369592866,
        0.7631985102888457
      ],
      "val_losses": [
        0.8259546559404682,
        0.8335251816221185,
        0.8457278202514391,
        0.8167172642172994,
        0.8598614395470232,
        0.8601581550933219,
        0.8515865768532496,
        0.8525787956408553,
        0.8518962797683638,
        0.8518331622755205,
        0.8520091216306429,
        0.8516249974837174
      ],
      "train_accs": [
        0.605544622229828,
        0.6473004192692735,
        0.657739368529135,
        0.6712586634722341,
        0.6747668349448105,
        0.6787028322067254,
        0.6845212629417301,
        0.6836656113630529,
        0.6846068280995978,
        0.6867459570462907,
        0.6865748267305554,
        0.6873449131513648
      ],
      "val_accs": [
        0.6477635782747604,
        0.643370607028754,
        0.6465654952076677,
        0.6601437699680511,
        0.6677316293929713,
        0.6517571884984026,
        0.6629392971246006,
        0.6609424920127795,
        0.6613418530351438,
        0.661741214057508,
        0.661741214057508,
        0.6589456869009584
      ],
      "lr_history": [
        0.000707,
        0.000707,
        0.00024744999999999997,
        0.00024744999999999997,
        0.00024744999999999997,
        8.660749999999999e-05,
        8.660749999999999e-05,
        3.0312624999999993e-05,
        3.0312624999999993e-05,
        1.0609418749999997e-05,
        1.0609418749999997e-05,
        3.7132965624999986e-06
      ]
    }
  }
}