{
  "timestamp": "2026-04-05T15:12:53",
  "config": {
    "lookback_days": 14,
    "use_integrated_data": true,
    "weather_csv_path": "data/IMS/data_202603142120.csv",
    "include_live_xml": true,
    "batch_size": 32,
    "learning_rate": 0.001,
    "dropout_prob": 0.2,
    "num_epochs": 80,
    "patience": 10,
    "hybrid_hidden_dim": 96,
    "model_names": [
      "GRU",
      "Hybrid"
    ],
    "threshold_selection_metric": "f1_on_validation",
    "n_features_per_day": 33
  },
  "results": {
    "GRU": {
      "accuracy": 0.5818540433925049,
      "precision": 0.42080536912751676,
      "recall": 0.7609223300970874,
      "f1": 0.5419187554019015,
      "auc": 0.6825842776324526,
      "threshold": 0.25,
      "val_best_f1": 0.5782227784730914,
      "confusion_matrix": [
        [
          848,
          863
        ],
        [
          197,
          627
        ]
      ]
    },
    "Hybrid": {
      "accuracy": 0.6319526627218935,
      "precision": 0.4551440329218107,
      "recall": 0.6711165048543689,
      "f1": 0.5424227562530652,
      "auc": 0.6854196574988793,
      "threshold": 0.33,
      "val_best_f1": 0.5694117647058823,
      "confusion_matrix": [
        [
          1049,
          662
        ],
        [
          271,
          553
        ]
      ]
    }
  }
}