{
  "timestamp": "2026-04-05T19:32:24",
  "config": {
    "lookback_days": 21,
    "use_integrated_data": true,
    "weather_csv_path": "data/IMS/data_202603142120.csv",
    "include_live_xml": true,
    "batch_size": 32,
    "learning_rate": 0.0005,
    "dropout_prob": 0.2,
    "num_epochs": 80,
    "patience": 10,
    "hybrid_hidden_dim": 96,
    "model_names": [
      "GRU",
      "JellyfishNet"
    ],
    "scheduler_factor": 0.5,
    "scheduler_patience": 5,
    "grad_clip_norm": 1.0,
    "threshold_min": 0.1,
    "threshold_max": 0.9,
    "threshold_steps": 81,
    "threshold_selection_metric": "f1_on_validation",
    "n_features_per_day": 33
  },
  "results": {
    "GRU": {
      "accuracy": 0.6638822593476531,
      "precision": 0.5045795170691091,
      "recall": 0.7079439252336449,
      "f1": 0.5892075838599903,
      "auc": 0.7157230448801055,
      "threshold": 0.32,
      "val_best_f1": 0.5604508196721312,
      "confusion_matrix": [
        [
          1063,
          595
        ],
        [
          250,
          606
        ]
      ]
    },
    "JellyfishNet": {
      "accuracy": 0.6201272871917264,
      "precision": 0.4652631578947368,
      "recall": 0.7745327102803738,
      "f1": 0.5813239807102147,
      "auc": 0.7176289837998715,
      "threshold": 0.30000000000000004,
      "val_best_f1": 0.5535224153705398,
      "confusion_matrix": [
        [
          896,
          762
        ],
        [
          193,
          663
        ]
      ]
    }
  }
}