{
  "timestamp": "2026-04-05T17:46:05",
  "config": {
    "lookback_days": 14,
    "use_integrated_data": true,
    "weather_csv_path": "data/IMS/data_202603142120.csv",
    "include_live_xml": true,
    "batch_size": 32,
    "learning_rate": 0.001,
    "dropout_prob": 0.2,
    "num_epochs": 80,
    "patience": 10,
    "hybrid_hidden_dim": 96,
    "model_names": [
      "GRU",
      "JellyfishNet"
    ],
    "scheduler_factor": 0.5,
    "scheduler_patience": 5,
    "grad_clip_norm": 1.0,
    "threshold_min": 0.1,
    "threshold_max": 0.9,
    "threshold_steps": 81,
    "threshold_selection_metric": "f1_on_validation",
    "n_features_per_day": 33
  },
  "results": {
    "GRU": {
      "accuracy": 0.6343195266272189,
      "precision": 0.4560204953031597,
      "recall": 0.6480582524271845,
      "f1": 0.5353383458646617,
      "auc": 0.6824509314373586,
      "threshold": 0.33,
      "val_best_f1": 0.5774987928536938,
      "confusion_matrix": [
        [
          1074,
          637
        ],
        [
          290,
          534
        ]
      ]
    },
    "JellyfishNet": {
      "accuracy": 0.591715976331361,
      "precision": 0.4277891854893908,
      "recall": 0.758495145631068,
      "f1": 0.5470459518599563,
      "auc": 0.6776969267957761,
      "threshold": 0.26,
      "val_best_f1": 0.5715488215488216,
      "confusion_matrix": [
        [
          875,
          836
        ],
        [
          199,
          625
        ]
      ]
    }
  }
}