{
  "timestamp": "2026-04-05T14:54:52",
  "config": {
    "lookback_days": 14,
    "use_integrated_data": true,
    "weather_csv_path": "data/IMS/data_202603142120.csv",
    "include_live_xml": true,
    "batch_size": 32,
    "learning_rate": 0.001,
    "dropout_prob": 0.2,
    "num_epochs": 80,
    "patience": 10,
    "hybrid_hidden_dim": 96,
    "model_names": [
      "GRU",
      "Hybrid"
    ],
    "threshold_selection_metric": "f1_on_validation",
    "n_features_per_day": 33
  },
  "results": {
    "GRU": {
      "accuracy": 0.6193293885601578,
      "precision": 0.44418052256532065,
      "recall": 0.6808252427184466,
      "f1": 0.5376137997125059,
      "auc": 0.6847376768255661,
      "threshold": 0.33,
      "val_best_f1": 0.5772432932469935,
      "confusion_matrix": [
        [
          1009,
          702
        ],
        [
          263,
          561
        ]
      ]
    },
    "Hybrid": {
      "accuracy": 0.6177514792899408,
      "precision": 0.44641537324464153,
      "recall": 0.7330097087378641,
      "f1": 0.5548920532843362,
      "auc": 0.6891203690568736,
      "threshold": 0.32,
      "val_best_f1": 0.5774774774774775,
      "confusion_matrix": [
        [
          962,
          749
        ],
        [
          220,
          604
        ]
      ]
    }
  }
}