{
  "timestamp": "2026-04-05T06:48:11",
  "config": {
    "lookback_days": 7,
    "use_integrated_data": true,
    "weather_csv_path": "data/IMS/data_202603142120.csv",
    "include_live_xml": true,
    "batch_size": 32,
    "learning_rate": 0.001,
    "dropout_prob": 0.15,
    "num_epochs": 100,
    "patience": 15,
    "hybrid_hidden_dim": 32,
    "threshold_selection_metric": "f1_on_validation",
    "n_features_per_day": 33
  },
  "results": {
    "Baseline": {
      "accuracy": 0.5825508607198748,
      "precision": 0.41752933057280883,
      "recall": 0.7306763285024155,
      "f1": 0.5314009661835749,
      "auc": 0.6622725722401144,
      "threshold": 0.28,
      "val_best_f1": 0.5530073561228904,
      "confusion_matrix": [
        [
          884,
          844
        ],
        [
          223,
          605
        ]
      ]
    },
    "GRU": {
      "accuracy": 0.6197183098591549,
      "precision": 0.44165316045380876,
      "recall": 0.6582125603864735,
      "f1": 0.5286129970902037,
      "auc": 0.6708039089058866,
      "threshold": 0.31,
      "val_best_f1": 0.5662943176299176,
      "confusion_matrix": [
        [
          1039,
          689
        ],
        [
          283,
          545
        ]
      ]
    },
    "Hybrid": {
      "accuracy": 0.6181533646322379,
      "precision": 0.4434250764525994,
      "recall": 0.7004830917874396,
      "f1": 0.5430711610486891,
      "auc": 0.678056925433888,
      "threshold": 0.32,
      "val_best_f1": 0.572906867356538,
      "confusion_matrix": [
        [
          1000,
          728
        ],
        [
          248,
          580
        ]
      ]
    }
  }
}