{
  "timestamp": "2026-04-05T04:34:24",
  "config": {
    "lookback_days": 7,
    "use_integrated_data": true,
    "weather_csv_path": "data/IMS/data_202603142120.csv",
    "include_live_xml": true,
    "batch_size": 16,
    "learning_rate": 0.001,
    "dropout_prob": 0.15,
    "num_epochs": 100,
    "patience": 15,
    "hybrid_hidden_dim": 32,
    "threshold_selection_metric": "f1_on_validation",
    "n_features_per_day": 33
  },
  "results": {
    "Baseline": {
      "accuracy": 0.5586854460093896,
      "precision": 0.4014454664914586,
      "recall": 0.7379227053140096,
      "f1": 0.5199999999999999,
      "auc": 0.6553305740069779,
      "threshold": 0.29000000000000004,
      "val_best_f1": 0.5488060326770003,
      "confusion_matrix": [
        [
          817,
          911
        ],
        [
          217,
          611
        ]
      ]
    },
    "GRU": {
      "accuracy": 0.621283255086072,
      "precision": 0.44363929146537845,
      "recall": 0.6654589371980676,
      "f1": 0.532367149758454,
      "auc": 0.6746158050411523,
      "threshold": 0.33999999999999997,
      "val_best_f1": 0.5764023210831721,
      "confusion_matrix": [
        [
          1037,
          691
        ],
        [
          277,
          551
        ]
      ]
    },
    "Hybrid": {
      "accuracy": 0.5755086071987481,
      "precision": 0.41473125414731254,
      "recall": 0.7548309178743962,
      "f1": 0.5353319057815846,
      "auc": 0.6710677502683844,
      "threshold": 0.27,
      "val_best_f1": 0.5658914728682171,
      "confusion_matrix": [
        [
          846,
          882
        ],
        [
          203,
          625
        ]
      ]
    }
  }
}