{
  "timestamp": "2026-04-06T02:35:01",
  "config": {
    "lookback_days": 21,
    "use_integrated_data": true,
    "weather_csv_path": "data/IMS/data_202603142120.csv",
    "include_live_xml": true,
    "batch_size": 16,
    "learning_rate": 0.0006,
    "dropout_prob": 0.1,
    "num_epochs": 8,
    "patience": 8,
    "hybrid_hidden_dim": 192,
    "model_names": [
      "JellyfishNet"
    ],
    "scheduler_factor": 0.3,
    "scheduler_patience": 1,
    "grad_clip_norm": 1.0,
    "threshold_min": 0.05,
    "threshold_max": 0.9,
    "threshold_steps": 86,
    "threshold_min_precision": 0.3,
    "threshold_selection_metric": "recall_on_validation_subject_to_min_precision",
    "n_features_per_day": 33
  },
  "results": {
    "JellyfishNet": {
      "recall": 1.0,
      "precision": 0.34049323786793956,
      "f1": 0.5080118694362018,
      "accuracy": 0.34049323786793956,
      "auc": 0.7055807018928334,
      "threshold": 0.05,
      "val_best_recall": 1.0,
      "val_best_f1": 0.0,
      "confusion_matrix": [
        [
          0,
          1658
        ],
        [
          0,
          856
        ]
      ],
      "train_losses": [
        0.6042673502823829,
        0.5915158803271077,
        0.5849292099394544,
        0.5805723694792223,
        0.5711032786034301,
        0.5658547032172163,
        0.5535264433975272,
        0.5207197112812677
      ],
      "val_losses": [
        0.5982881604106562,
        0.5937947902330167,
        0.5818068648979162,
        0.5874467433258227,
        0.5810929350792222,
        0.5856988561001553,
        0.5926491883909626,
        0.6130201964621331
      ],
      "train_accs": [
        0.6814189477274666,
        0.6897757312185555,
        0.687729171996248,
        0.6944657627696769,
        0.7002643472328813,
        0.7043574656774964,
        0.7167220943122709,
        0.7403427986697365
      ],
      "val_accs": [
        0.6871019108280255,
        0.6926751592356688,
        0.6942675159235668,
        0.6855095541401274,
        0.6986464968152867,
        0.6994426751592356,
        0.6910828025477707,
        0.6922770700636943
      ],
      "lr_history": [
        0.0006,
        0.0006,
        0.0006,
        0.0006,
        0.0006,
        0.0006,
        0.00017999999999999998,
        0.00017999999999999998
      ]
    }
  }
}