{
  "timestamp": "2026-04-06T02:38:07",
  "config": {
    "lookback_days": 21,
    "use_integrated_data": true,
    "weather_csv_path": "data/IMS/data_202603142120.csv",
    "include_live_xml": true,
    "batch_size": 16,
    "learning_rate": 0.0005,
    "dropout_prob": 0.1,
    "num_epochs": 8,
    "patience": 8,
    "hybrid_hidden_dim": 128,
    "model_names": [
      "JellyfishNet"
    ],
    "scheduler_factor": 0.3,
    "scheduler_patience": 1,
    "grad_clip_norm": 1.0,
    "threshold_min": 0.05,
    "threshold_max": 0.9,
    "threshold_steps": 86,
    "threshold_min_precision": 0.3,
    "threshold_selection_metric": "recall_on_validation_subject_to_min_precision",
    "n_features_per_day": 33
  },
  "results": {
    "JellyfishNet": {
      "recall": 1.0,
      "precision": 0.34049323786793956,
      "f1": 0.5080118694362018,
      "accuracy": 0.34049323786793956,
      "auc": 0.71571177130424,
      "threshold": 0.05,
      "val_best_recall": 1.0,
      "val_best_f1": 0.0,
      "confusion_matrix": [
        [
          0,
          1658
        ],
        [
          0,
          856
        ]
      ],
      "train_losses": [
        0.601362609440438,
        0.5876982710533871,
        0.5804323065329704,
        0.5731708879441552,
        0.5697995099819698,
        0.5528106700024208,
        0.5453978824095056,
        0.5344566770131721
      ],
      "val_losses": [
        0.5932065821756982,
        0.583050117750836,
        0.578904626855425,
        0.5813112370907121,
        0.5821809085311404,
        0.5842147203767376,
        0.5866569466651625,
        0.5938702335782872
      ],
      "train_accs": [
        0.6824422273386203,
        0.6910548307324976,
        0.6942952161678179,
        0.7007759870384582,
        0.7004348938347403,
        0.7144197151871748,
        0.7205593928540974,
        0.7255052443080071
      ],
      "val_accs": [
        0.6847133757961783,
        0.6918789808917197,
        0.705812101910828,
        0.6962579617834395,
        0.6962579617834395,
        0.6946656050955414,
        0.6926751592356688,
        0.6970541401273885
      ],
      "lr_history": [
        0.0005,
        0.0005,
        0.0005,
        0.0005,
        0.00015,
        0.00015,
        4.4999999999999996e-05,
        4.4999999999999996e-05
      ]
    }
  }
}