{
  "runs": [
    {
      "name": "hp01_lb14_hd128_do020_lr8e4_bs32",
      "config": {
        "name": "hp01_lb14_hd128_do020_lr8e4_bs32",
        "lookback_days": 14,
        "hidden_dim": 128,
        "dropout": 0.2,
        "lr": 0.0008,
        "batch_size": 32,
        "scheduler_factor": 0.2,
        "scheduler_patience": 1
      },
      "checkpoint": "models/hp_search_8ep_20260406/hp01_lb14_hd128_do020_lr8e4_bs32/jellyfishnet_model.pth",
      "training_report": "reports/hp_search_8ep_20260406/hp01_lb14_hd128_do020_lr8e4_bs32.json",
      "best_under_recall_ge_0_95": {
        "threshold": 0.11499999999999999,
        "recall": 0.9599514563106796,
        "precision": 0.34006878761822873,
        "f1": 0.5022222222222222,
        "accuracy": 0.3814595660749507,
        "tp": 791,
        "fp": 1535,
        "fn": 33,
        "tn": 176
      }
    },
    {
      "name": "hp02_lb14_hd256_do015_lr8e4_bs24",
      "config": {
        "name": "hp02_lb14_hd256_do015_lr8e4_bs24",
        "lookback_days": 14,
        "hidden_dim": 256,
        "dropout": 0.15,
        "lr": 0.0008,
        "batch_size": 24,
        "scheduler_factor": 0.2,
        "scheduler_patience": 1
      },
      "checkpoint": "models/hp_search_8ep_20260406/hp02_lb14_hd256_do015_lr8e4_bs24/jellyfishnet_model.pth",
      "training_report": "reports/hp_search_8ep_20260406/hp02_lb14_hd256_do015_lr8e4_bs24.json",
      "best_under_recall_ge_0_95": {
        "threshold": 0.11,
        "recall": 0.9502427184466019,
        "precision": 0.34722838137472284,
        "f1": 0.5086066904839233,
        "accuracy": 0.4031558185404339,
        "tp": 783,
        "fp": 1472,
        "fn": 41,
        "tn": 239
      }
    },
    {
      "name": "hp03_lb21_hd192_do010_lr6e4_bs16",
      "config": {
        "name": "hp03_lb21_hd192_do010_lr6e4_bs16",
        "lookback_days": 21,
        "hidden_dim": 192,
        "dropout": 0.1,
        "lr": 0.0006,
        "batch_size": 16,
        "scheduler_factor": 0.3,
        "scheduler_patience": 1
      },
      "checkpoint": "models/hp_search_8ep_20260406/hp03_lb21_hd192_do010_lr6e4_bs16/jellyfishnet_model.pth",
      "training_report": "reports/hp_search_8ep_20260406/hp03_lb21_hd192_do010_lr6e4_bs16.json",
      "best_under_recall_ge_0_95": {
        "threshold": 0.08499999999999999,
        "recall": 0.9521028037383178,
        "precision": 0.3686114880144731,
        "f1": 0.5314639713074666,
        "accuracy": 0.42840095465393796,
        "tp": 815,
        "fp": 1396,
        "fn": 41,
        "tn": 262
      }
    },
    {
      "name": "hp04_lb21_hd128_do010_lr5e4_bs16",
      "config": {
        "name": "hp04_lb21_hd128_do010_lr5e4_bs16",
        "lookback_days": 21,
        "hidden_dim": 128,
        "dropout": 0.1,
        "lr": 0.0005,
        "batch_size": 16,
        "scheduler_factor": 0.3,
        "scheduler_patience": 1
      },
      "checkpoint": "models/hp_search_8ep_20260406/hp04_lb21_hd128_do010_lr5e4_bs16/jellyfishnet_model.pth",
      "training_report": "reports/hp_search_8ep_20260406/hp04_lb21_hd128_do010_lr5e4_bs16.json",
      "best_under_recall_ge_0_95": {
        "threshold": 0.13,
        "recall": 0.9521028037383178,
        "precision": 0.3731684981684982,
        "f1": 0.5361842105263158,
        "accuracy": 0.43914081145584727,
        "tp": 815,
        "fp": 1369,
        "fn": 41,
        "tn": 289
      }
    },
    {
      "name": "hp05_lb28_hd256_do020_lr3e4_bs16",
      "config": {
        "name": "hp05_lb28_hd256_do020_lr3e4_bs16",
        "lookback_days": 28,
        "hidden_dim": 256,
        "dropout": 0.2,
        "lr": 0.0003,
        "batch_size": 16,
        "scheduler_factor": 0.3,
        "scheduler_patience": 1
      },
      "checkpoint": "models/hp_search_8ep_20260406/hp05_lb28_hd256_do020_lr3e4_bs16/jellyfishnet_model.pth",
      "training_report": "reports/hp_search_8ep_20260406/hp05_lb28_hd256_do020_lr3e4_bs16.json",
      "best_under_recall_ge_0_95": {
        "threshold": 0.09999999999999999,
        "recall": 0.9519704433497537,
        "precision": 0.3542621448212649,
        "f1": 0.5163660654642619,
        "accuracy": 0.41917368632170077,
        "tp": 773,
        "fp": 1409,
        "fn": 39,
        "tn": 272
      }
    },
    {
      "name": "hp06_lb21_hd96_do005_lr1e3_bs16",
      "config": {
        "name": "hp06_lb21_hd96_do005_lr1e3_bs16",
        "lookback_days": 21,
        "hidden_dim": 96,
        "dropout": 0.05,
        "lr": 0.001,
        "batch_size": 16,
        "scheduler_factor": 0.2,
        "scheduler_patience": 1
      },
      "checkpoint": "models/hp_search_8ep_20260406/hp06_lb21_hd96_do005_lr1e3_bs16/jellyfishnet_model.pth",
      "training_report": "reports/hp_search_8ep_20260406/hp06_lb21_hd96_do005_lr1e3_bs16.json",
      "best_under_recall_ge_0_95": {
        "threshold": 0.125,
        "recall": 0.955607476635514,
        "precision": 0.36469014712438697,
        "f1": 0.5279122297515327,
        "accuracy": 0.41805887032617345,
        "tp": 818,
        "fp": 1425,
        "fn": 38,
        "tn": 233
      }
    }
  ]
}