{
  "timestamp": "2026-04-06T03:22:21",
  "config": {
    "lookback_days": 14,
    "use_integrated_data": true,
    "weather_csv_path": "data/IMS/data_202603142120.csv",
    "include_live_xml": true,
    "batch_size": 32,
    "learning_rate": 0.0008,
    "dropout_prob": 0.2,
    "num_epochs": 5,
    "patience": 5,
    "hybrid_hidden_dim": 128,
    "model_names": [
      "JellyfishNet"
    ],
    "scheduler_factor": 0.2,
    "scheduler_patience": 1,
    "grad_clip_norm": 1.0,
    "threshold_min": 0.05,
    "threshold_max": 0.9,
    "threshold_steps": 86,
    "threshold_min_precision": 0.3,
    "threshold_selection_metric": "recall_on_validation_subject_to_min_precision",
    "n_features_per_day": 33
  },
  "results": {
    "JellyfishNet": {
      "recall": 1.0,
      "precision": 0.32504930966469425,
      "f1": 0.490622208990771,
      "accuracy": 0.32504930966469425,
      "auc": 0.6764535444553517,
      "threshold": 0.05,
      "val_best_recall": 1.0,
      "val_best_f1": 0.0,
      "confusion_matrix": [
        [
          0,
          1711
        ],
        [
          0,
          824
        ]
      ],
      "train_losses": [
        0.6018164467972678,
        0.5915005318216375,
        0.5863407228444074,
        0.5833281299552402,
        0.5772667494174596
      ],
      "val_losses": [
        0.598444202914834,
        0.5927197080105543,
        0.5870791397988796,
        0.5870326671749353,
        0.5837628379464149
      ],
      "train_accs": [
        0.6821141649048625,
        0.6885412262156448,
        0.6916701902748414,
        0.6958985200845665,
        0.6968287526427062
      ],
      "val_accs": [
        0.6727200947493092,
        0.6762731938412949,
        0.6837741808132649,
        0.6711409395973155,
        0.6896960126332412
      ],
      "lr_history": [
        0.0008,
        0.0008,
        0.0008,
        0.0008,
        0.0008
      ]
    }
  }
}