{
  "timestamp": "2026-04-06T03:44:14",
  "config": {
    "lookback_days": 28,
    "use_integrated_data": false,
    "weather_csv_path": "data/IMS/data_202603142120.csv",
    "include_live_xml": true,
    "batch_size": 8,
    "learning_rate": 0.0003,
    "dropout_prob": 0.05,
    "num_epochs": 5,
    "patience": 5,
    "hybrid_hidden_dim": 256,
    "model_names": [
      "JellyfishNet"
    ],
    "scheduler_factor": 0.3,
    "scheduler_patience": 1,
    "grad_clip_norm": 1.0,
    "threshold_min": 0.05,
    "threshold_max": 0.9,
    "threshold_steps": 86,
    "threshold_min_precision": 0.3,
    "threshold_selection_metric": "recall_on_validation_subject_to_min_precision",
    "n_features_per_day": 11
  },
  "results": {
    "JellyfishNet": {
      "recall": 1.0,
      "precision": 0.3257119935820297,
      "f1": 0.4913767019667171,
      "accuracy": 0.3257119935820297,
      "auc": 0.708900622137304,
      "threshold": 0.05,
      "val_best_recall": 1.0,
      "val_best_f1": 0.0,
      "confusion_matrix": [
        [
          0,
          1681
        ],
        [
          0,
          812
        ]
      ],
      "train_losses": [
        0.5995206628673265,
        0.5884959554549345,
        0.5834525853190635,
        0.5761274808563318,
        0.5684010169145578
      ],
      "val_losses": [
        0.5975855928009901,
        0.596976158185265,
        0.5860419916227843,
        0.5815401094464155,
        0.5790995823171659
      ],
      "train_accs": [
        0.6874677668901495,
        0.6935705690218326,
        0.6946879834966477,
        0.698899776517105,
        0.705948083204401
      ],
      "val_accs": [
        0.6883273164861613,
        0.6746891295627758,
        0.6903329322101885,
        0.7015643802647413,
        0.6899318090653831
      ],
      "lr_history": [
        0.0003,
        0.0003,
        0.0003,
        0.0003,
        0.0003
      ]
    }
  }
}