{
  "timestamp": "2026-04-06T03:29:10",
  "config": {
    "lookback_days": 21,
    "use_integrated_data": true,
    "weather_csv_path": "data/IMS/data_202603142120.csv",
    "include_live_xml": true,
    "batch_size": 16,
    "learning_rate": 0.0005,
    "dropout_prob": 0.1,
    "num_epochs": 5,
    "patience": 5,
    "hybrid_hidden_dim": 128,
    "model_names": [
      "JellyfishNet"
    ],
    "scheduler_factor": 0.3,
    "scheduler_patience": 1,
    "grad_clip_norm": 1.0,
    "threshold_min": 0.05,
    "threshold_max": 0.9,
    "threshold_steps": 86,
    "threshold_min_precision": 0.3,
    "threshold_selection_metric": "recall_on_validation_subject_to_min_precision",
    "n_features_per_day": 33
  },
  "results": {
    "JellyfishNet": {
      "recall": 1.0,
      "precision": 0.34049323786793956,
      "f1": 0.5080118694362018,
      "accuracy": 0.34049323786793956,
      "auc": 0.7056106473287261,
      "threshold": 0.05,
      "val_best_recall": 1.0,
      "val_best_f1": 0.0,
      "confusion_matrix": [
        [
          0,
          1658
        ],
        [
          0,
          856
        ]
      ],
      "train_losses": [
        0.6015931236142188,
        0.5889243585188425,
        0.5819406036546741,
        0.5790580277309574,
        0.5746227383694903
      ],
      "val_losses": [
        0.5860393212479391,
        0.5841671006315073,
        0.5903994258801648,
        0.5806182871578606,
        0.5798738040741841
      ],
      "train_accs": [
        0.6820158608339729,
        0.6912253773343566,
        0.6942099428668884,
        0.6960859554873369,
        0.7003496205338109
      ],
      "val_accs": [
        0.6954617834394905,
        0.6930732484076433,
        0.6871019108280255,
        0.6906847133757962,
        0.6962579617834395
      ],
      "lr_history": [
        0.0005,
        0.0005,
        0.0005,
        0.0005,
        0.0005
      ]
    }
  }
}