{
  "timestamp": "2026-04-06T03:33:19",
  "config": {
    "lookback_days": 21,
    "use_integrated_data": true,
    "weather_csv_path": "data/IMS/data_202603142120.csv",
    "include_live_xml": true,
    "batch_size": 16,
    "learning_rate": 0.0006,
    "dropout_prob": 0.1,
    "num_epochs": 5,
    "patience": 5,
    "hybrid_hidden_dim": 192,
    "model_names": [
      "JellyfishNet"
    ],
    "scheduler_factor": 0.3,
    "scheduler_patience": 1,
    "grad_clip_norm": 1.0,
    "threshold_min": 0.05,
    "threshold_max": 0.9,
    "threshold_steps": 86,
    "threshold_min_precision": 0.3,
    "threshold_selection_metric": "recall_on_validation_subject_to_min_precision",
    "n_features_per_day": 33
  },
  "results": {
    "JellyfishNet": {
      "recall": 1.0,
      "precision": 0.34049323786793956,
      "f1": 0.5080118694362018,
      "accuracy": 0.34049323786793956,
      "auc": 0.695848082928424,
      "threshold": 0.05,
      "val_best_recall": 1.0,
      "val_best_f1": 0.0,
      "confusion_matrix": [
        [
          0,
          1658
        ],
        [
          0,
          856
        ]
      ],
      "train_losses": [
        0.602729270760717,
        0.5898462520127081,
        0.5855219058418014,
        0.578692980791667,
        0.5737374503810929
      ],
      "val_losses": [
        0.5894284402109256,
        0.5906131652889738,
        0.5849056741234603,
        0.5861661673351458,
        0.580065434335903
      ],
      "train_accs": [
        0.6797987550098065,
        0.6859384326767289,
        0.6903726443250618,
        0.6952332224780421,
        0.6966828685938433
      ],
      "val_accs": [
        0.6890923566878981,
        0.6938694267515924,
        0.6938694267515924,
        0.6894904458598726,
        0.6998407643312102
      ],
      "lr_history": [
        0.0006,
        0.0006,
        0.0006,
        0.0006,
        0.0006
      ]
    }
  }
}