{
  "timestamp": "2026-04-06T12:10:27",
  "config": {
    "lookback_days": 24,
    "use_integrated_data": true,
    "weather_csv_path": "None",
    "include_live_xml": true,
    "batch_size": 17,
    "learning_rate": 0.000707,
    "dropout_prob": 0.14,
    "num_epochs": 12,
    "patience": 8,
    "hybrid_hidden_dim": 160,
    "model_names": [
      "JellyfishNet",
      "GRU"
    ],
    "scheduler_factor": 0.35,
    "scheduler_patience": 1,
    "grad_clip_norm": 1.0,
    "threshold_min": 0.1,
    "threshold_max": 0.9,
    "threshold_steps": 81,
    "threshold_min_precision": 0.4,
    "threshold_target_recall": 0.95,
    "positive_class_weight": 1.73,
    "threshold_selection_metric": "maximize_precision_then_f1_subject_to_target_recall",
    "n_features_per_day": 33
  },
  "results": {
    "JellyfishNet": {
      "recall": 0.9707259953161592,
      "precision": 0.3635964912280702,
      "f1": 0.5290363752393109,
      "accuracy": 0.41077844311377243,
      "auc": 0.705405637347034,
      "threshold": 0.16,
      "val_best_recall": 0.9682741116751269,
      "val_best_f1": 0.0,
      "confusion_matrix": [
        [
          200,
          1451
        ],
        [
          25,
          829
        ]
      ],
      "train_losses": [
        0.807712264705536,
        0.7912256531850543,
        0.7834002450541702,
        0.7683373537607664,
        0.7604934063761734,
        0.7529479345350072,
        0.7394856315452693,
        0.7284919045172459,
        0.702547975014462,
        0.6932368707344976,
        0.6761576854298974,
        0.6705011648320874
      ],
      "val_losses": [
        0.781599555063892,
        0.7964522121725855,
        0.7862336103980606,
        0.7790078150259482,
        0.7817558438794033,
        0.7774651994979059,
        0.7841819730159398,
        0.7883547695504652,
        0.8089546426325231,
        0.8144261079865533,
        0.8312016701376116,
        0.8255056513322366
      ],
      "train_accs": [
        0.6378882519038248,
        0.6561991956875161,
        0.6621887567382562,
        0.6686061435783349,
        0.6790450928381963,
        0.6820398733635663,
        0.6910242149396766,
        0.6967570805168135,
        0.7182339351416104,
        0.7215709762984512,
        0.7300419269273551,
        0.7357747925044922
      ],
      "val_accs": [
        0.6641373801916933,
        0.6785143769968051,
        0.661741214057508,
        0.6701277955271565,
        0.6621405750798722,
        0.6557507987220448,
        0.6621405750798722,
        0.6637380191693291,
        0.6557507987220448,
        0.6573482428115016,
        0.6749201277955271,
        0.6565495207667732
      ],
      "lr_history": [
        0.000707,
        0.000707,
        0.00024744999999999997,
        0.00024744999999999997,
        0.00024744999999999997,
        0.00024744999999999997,
        0.00024744999999999997,
        8.660749999999999e-05,
        8.660749999999999e-05,
        3.0312624999999993e-05,
        3.0312624999999993e-05,
        1.0609418749999997e-05
      ]
    },
    "GRU": {
      "recall": 0.9742388758782201,
      "precision": 0.36539306104523495,
      "f1": 0.5314595975726605,
      "accuracy": 0.41437125748502995,
      "auc": 0.7189670726846408,
      "threshold": 0.16,
      "val_best_recall": 0.9593908629441624,
      "val_best_f1": 0.0,
      "confusion_matrix": [
        [
          206,
          1445
        ],
        [
          22,
          832
        ]
      ],
      "train_losses": [
        0.8060075612955315,
        0.7918547368066948,
        0.7855844929554435,
        0.7791351996535478,
        0.7744594535595456,
        0.7667392362775498,
        0.7646772930788439,
        0.7481875642700944,
        0.7450585410345433,
        0.738620235346431,
        0.7312928902981586,
        0.7299019163257854
      ],
      "val_losses": [
        0.8030150995866673,
        0.7932907566428185,
        0.7821178986011325,
        0.7822610677496807,
        0.776230555732508,
        0.77768425784401,
        0.7770520279536376,
        0.773041989150885,
        0.7729652767648568,
        0.7782154095333975,
        0.7747655231002215,
        0.7740144709477553
      ],
      "train_accs": [
        0.6232566099084453,
        0.6514931120047917,
        0.6572259775819287,
        0.6657824933687002,
        0.6677504919996577,
        0.6697184906306152,
        0.6770770942072388,
        0.6928210832548986,
        0.6919654316762215,
        0.6973560366218876,
        0.7012064687259348,
        0.7061692478822623
      ],
      "val_accs": [
        0.6214057507987221,
        0.6277955271565495,
        0.6749201277955271,
        0.670926517571885,
        0.6653354632587859,
        0.646964856230032,
        0.65814696485623,
        0.6653354632587859,
        0.6669329073482428,
        0.6725239616613419,
        0.6773162939297125,
        0.6717252396166135
      ],
      "lr_history": [
        0.000707,
        0.000707,
        0.000707,
        0.000707,
        0.000707,
        0.000707,
        0.00024744999999999997,
        0.00024744999999999997,
        0.00024744999999999997,
        8.660749999999999e-05,
        8.660749999999999e-05,
        3.0312624999999993e-05
      ]
    }
  }
}