{
  "timestamp": "2026-04-06T05:03:31",
  "config": {
    "lookback_days": 14,
    "use_integrated_data": true,
    "weather_csv_path": "None",
    "include_live_xml": false,
    "batch_size": 32,
    "learning_rate": 0.001,
    "dropout_prob": 0.3,
    "num_epochs": 20,
    "patience": 10,
    "hybrid_hidden_dim": 64,
    "model_names": [
      "JellyfishNet"
    ],
    "scheduler_factor": 0.2,
    "scheduler_patience": 1,
    "grad_clip_norm": 1.0,
    "threshold_min": 0.05,
    "threshold_max": 0.9,
    "threshold_steps": 81,
    "threshold_min_precision": 0.2,
    "threshold_target_recall": 0.95,
    "positive_class_weight": 1.0,
    "threshold_selection_metric": "maximize_precision_then_f1_subject_to_target_recall",
    "n_features_per_day": 33
  },
  "results": {
    "JellyfishNet": {
      "recall": 0.9186893203883495,
      "precision": 0.3544007490636704,
      "f1": 0.5114864864864865,
      "accuracy": 0.42958579881656805,
      "auc": 0.6771053803771143,
      "threshold": 0.135,
      "val_best_recall": 0.9552414605418139,
      "val_best_f1": 0.0,
      "confusion_matrix": [
        [
          332,
          1379
        ],
        [
          67,
          757
        ]
      ],
      "train_losses": [
        0.6075795745527423,
        0.5915766797355704,
        0.586980883817415,
        0.5850188384990435,
        0.5827683683988211,
        0.5804728137480246,
        0.5778478897906638,
        0.5698061001461905,
        0.5662065675129762,
        0.5656977820235329,
        0.5662488089219944,
        0.56454474998487,
        0.5606678395657926,
        0.5610947389054943,
        0.5606132697414707,
        0.5599724112330257,
        0.557623204186156,
        0.5591823622181609,
        0.5580724250625919,
        0.557329014024219
      ],
      "val_losses": [
        0.58779811039567,
        0.5872241787612438,
        0.5828635957092047,
        0.5798820532858372,
        0.577798418328166,
        0.5780757904052735,
        0.5795457694679499,
        0.5757785912603139,
        0.5751152336597443,
        0.5755679462105036,
        0.5744237668812275,
        0.5768969319760799,
        0.5760940805077552,
        0.5754450548440218,
        0.5755804408341646,
        0.5754793845117092,
        0.5755491133779287,
        0.5755331624299288,
        0.5755430120974779,
        0.5755417969077825
      ],
      "train_accs": [
        0.6789852008456659,
        0.6848202959830867,
        0.6895560253699788,
        0.6906553911205074,
        0.6943763213530655,
        0.6964059196617336,
        0.6953065539112051,
        0.7025792811839323,
        0.7057082452431289,
        0.7055391120507399,
        0.7068076109936575,
        0.7064693446088794,
        0.7110359408033826,
        0.7084989429175476,
        0.7066384778012685,
        0.7101057082452431,
        0.7106976744186047,
        0.708752642706131,
        0.7121353065539112,
        0.7130655391120507
      ],
      "val_accs": [
        0.6750888274772996,
        0.6774575602052901,
        0.6762731938412949,
        0.6940386893012238,
        0.6881168574812475,
        0.6845637583892618,
        0.6818002368732728,
        0.6952230556652191,
        0.6975917883932097,
        0.693249111725227,
        0.6987761547572049,
        0.6948282668772207,
        0.6971969996052112,
        0.6983813659692065,
        0.6971969996052112,
        0.6968022108172128,
        0.6964074220292144,
        0.6971969996052112,
        0.6975917883932097,
        0.6971969996052112
      ],
      "lr_history": [
        0.001,
        0.001,
        0.001,
        0.001,
        0.001,
        0.001,
        0.0002,
        0.0002,
        0.0002,
        0.0002,
        0.0002,
        0.0002,
        4e-05,
        4e-05,
        8.000000000000001e-06,
        8.000000000000001e-06,
        1.6000000000000004e-06,
        1.6000000000000004e-06,
        3.200000000000001e-07,
        3.200000000000001e-07
      ]
    }
  }
}