{
  "timestamp": "2026-04-06T05:08:48",
  "config": {
    "lookback_days": 21,
    "use_integrated_data": true,
    "weather_csv_path": "None",
    "include_live_xml": false,
    "batch_size": 24,
    "learning_rate": 0.0007,
    "dropout_prob": 0.2,
    "num_epochs": 20,
    "patience": 10,
    "hybrid_hidden_dim": 128,
    "model_names": [
      "JellyfishNet"
    ],
    "scheduler_factor": 0.2,
    "scheduler_patience": 1,
    "grad_clip_norm": 1.0,
    "threshold_min": 0.05,
    "threshold_max": 0.9,
    "threshold_steps": 81,
    "threshold_min_precision": 0.2,
    "threshold_target_recall": 0.95,
    "positive_class_weight": 1.6,
    "threshold_selection_metric": "maximize_precision_then_f1_subject_to_target_recall",
    "n_features_per_day": 33
  },
  "results": {
    "JellyfishNet": {
      "recall": 0.9719626168224299,
      "precision": 0.355403673643742,
      "f1": 0.5204879574601189,
      "accuracy": 0.3902147971360382,
      "auc": 0.6976803913058183,
      "threshold": 0.19874999999999998,
      "val_best_recall": 0.9630541871921182,
      "val_best_f1": 0.0,
      "confusion_matrix": [
        [
          149,
          1509
        ],
        [
          24,
          832
        ]
      ],
      "train_losses": [
        0.7798621513117067,
        0.7610759387108933,
        0.7538176868225168,
        0.7512974839634691,
        0.7430038211413932,
        0.7357557785901068,
        0.7275496679215343,
        0.7203970590495868,
        0.68562394386664,
        0.6742665670766421,
        0.6596187492089769,
        0.6560827592399223,
        0.6523823756991233,
        0.6537065544377075,
        0.6543674620748298,
        0.6498337761024756
      ],
      "val_losses": [
        0.7654913746175311,
        0.7585875965300061,
        0.7649325353758676,
        0.7576280616578601,
        0.7556271746045067,
        0.7498257532006218,
        0.7575799859705425,
        0.7514198794251397,
        0.766469589301518,
        0.7649068900517055,
        0.7755298075221834,
        0.781750822634924,
        0.7830543986388615,
        0.7838821005253565,
        0.783974400020781,
        0.7842138176872617
      ],
      "train_accs": [
        0.6395497569710924,
        0.6555811375458344,
        0.6658992069583014,
        0.665643387055513,
        0.673659077342884,
        0.6763025496716978,
        0.6799693016116654,
        0.6888377249083312,
        0.7099002302379125,
        0.7197066598448026,
        0.7333503879935193,
        0.7337767544981666,
        0.7391489724567238,
        0.7366760467297689,
        0.7373582331372047,
        0.7347147608083909
      ],
      "val_accs": [
        0.6771496815286624,
        0.6799363057324841,
        0.6871019108280255,
        0.6875,
        0.6632165605095541,
        0.6771496815286624,
        0.6719745222929936,
        0.6640127388535032,
        0.6751592356687898,
        0.6576433121019108,
        0.6675955414012739,
        0.6687898089171974,
        0.6675955414012739,
        0.6679936305732485,
        0.6679936305732485,
        0.6675955414012739
      ],
      "lr_history": [
        0.0007,
        0.0007,
        0.0007,
        0.0007,
        0.0007,
        0.0007,
        0.0007,
        0.00014000000000000001,
        0.00014000000000000001,
        2.8000000000000003e-05,
        2.8000000000000003e-05,
        5.600000000000001e-06,
        5.600000000000001e-06,
        1.12e-06,
        1.12e-06,
        2.2400000000000002e-07
      ]
    }
  }
}