{
  "timestamp": "2026-04-06T02:48:54",
  "config": {
    "lookback_days": 21,
    "use_integrated_data": true,
    "weather_csv_path": "data/IMS/data_202603142120.csv",
    "include_live_xml": true,
    "batch_size": 16,
    "learning_rate": 0.0005,
    "dropout_prob": 0.1,
    "num_epochs": 8,
    "patience": 8,
    "hybrid_hidden_dim": 128,
    "model_names": [
      "JellyfishNet"
    ],
    "scheduler_factor": 0.3,
    "scheduler_patience": 1,
    "grad_clip_norm": 1.0,
    "threshold_min": 0.05,
    "threshold_max": 0.9,
    "threshold_steps": 86,
    "threshold_min_precision": 0.3,
    "threshold_selection_metric": "recall_on_validation_subject_to_min_precision",
    "n_features_per_day": 33
  },
  "results": {
    "JellyfishNet": {
      "recall": 1.0,
      "precision": 0.34049323786793956,
      "f1": 0.5080118694362018,
      "accuracy": 0.34049323786793956,
      "auc": 0.7071117944150704,
      "threshold": 0.05,
      "val_best_recall": 1.0,
      "val_best_f1": 0.0,
      "confusion_matrix": [
        [
          0,
          1658
        ],
        [
          0,
          856
        ]
      ],
      "train_losses": [
        0.5993669461585978,
        0.5886834272339757,
        0.5828589855160915,
        0.5765770831098336,
        0.5682337983812512,
        0.553855740601174,
        0.5483330863071821,
        0.5365847366446524
      ],
      "val_losses": [
        0.5842870297325644,
        0.5819354622986666,
        0.5784487001075866,
        0.580725300653725,
        0.5818355343524059,
        0.5806290148549779,
        0.5959686657805352,
        0.5893939756284094
      ],
      "train_accs": [
        0.6817600409311845,
        0.6868764389869532,
        0.6888377249083312,
        0.6979619681077854,
        0.7038458258719195,
        0.7185981069327194,
        0.7215826724652511,
        0.7313038287712117
      ],
      "val_accs": [
        0.6938694267515924,
        0.6978503184713376,
        0.7002388535031847,
        0.6978503184713376,
        0.6978503184713376,
        0.7010350318471338,
        0.6747611464968153,
        0.6910828025477707
      ],
      "lr_history": [
        0.0005,
        0.0005,
        0.0005,
        0.0005,
        0.00015,
        0.00015,
        4.4999999999999996e-05,
        4.4999999999999996e-05
      ]
    }
  }
}