{
  "timestamp": "2026-04-06T02:53:25",
  "config": {
    "lookback_days": 21,
    "use_integrated_data": true,
    "weather_csv_path": "data/IMS/data_202603142120.csv",
    "include_live_xml": true,
    "batch_size": 16,
    "learning_rate": 0.0005,
    "dropout_prob": 0.2,
    "num_epochs": 8,
    "patience": 8,
    "hybrid_hidden_dim": 64,
    "model_names": [
      "GRU"
    ],
    "scheduler_factor": 0.3,
    "scheduler_patience": 1,
    "grad_clip_norm": 1.0,
    "threshold_min": 0.05,
    "threshold_max": 0.9,
    "threshold_steps": 86,
    "threshold_min_precision": 0.3,
    "threshold_selection_metric": "recall_on_validation_subject_to_min_precision",
    "n_features_per_day": 33
  },
  "results": {
    "GRU": {
      "recall": 1.0,
      "precision": 0.34049323786793956,
      "f1": 0.5080118694362018,
      "accuracy": 0.34049323786793956,
      "auc": 0.708739769229902,
      "threshold": 0.05,
      "val_best_recall": 1.0,
      "val_best_f1": 0.0,
      "confusion_matrix": [
        [
          0,
          1658
        ],
        [
          0,
          856
        ]
      ],
      "train_losses": [
        0.6077793755684185,
        0.5940359487702707,
        0.593189615629217,
        0.5870595520710392,
        0.5821618467040797,
        0.5805145833859827,
        0.577202675775161,
        0.5753781518620651
      ],
      "val_losses": [
        0.5907454688078279,
        0.5918095578813249,
        0.5859275179304135,
        0.5835192249079418,
        0.584904764108597,
        0.5808698223654631,
        0.5806225986237739,
        0.5802599051196105
      ],
      "train_accs": [
        0.675620363264262,
        0.6858531593757995,
        0.6885819050055427,
        0.6926750234501577,
        0.6942952161678179,
        0.6954890423808305,
        0.6988147011170802,
        0.7013729001449646
      ],
      "val_accs": [
        0.6946656050955414,
        0.6847133757961783,
        0.6962579617834395,
        0.697452229299363,
        0.6914808917197452,
        0.6930732484076433,
        0.6950636942675159,
        0.6918789808917197
      ],
      "lr_history": [
        0.0005,
        0.0005,
        0.0005,
        0.0005,
        0.0005,
        0.0005,
        0.0005,
        0.0005
      ]
    }
  }
}