{
  "timestamp": "2026-04-06T02:55:02",
  "config": {
    "lookback_days": 21,
    "use_integrated_data": false,
    "weather_csv_path": "data/IMS/data_202603142120.csv",
    "include_live_xml": true,
    "batch_size": 16,
    "learning_rate": 0.0005,
    "dropout_prob": 0.2,
    "num_epochs": 8,
    "patience": 8,
    "hybrid_hidden_dim": 64,
    "model_names": [
      "GRU"
    ],
    "scheduler_factor": 0.3,
    "scheduler_patience": 1,
    "grad_clip_norm": 1.0,
    "threshold_min": 0.05,
    "threshold_max": 0.9,
    "threshold_steps": 86,
    "threshold_min_precision": 0.3,
    "threshold_selection_metric": "recall_on_validation_subject_to_min_precision",
    "n_features_per_day": 11
  },
  "results": {
    "GRU": {
      "recall": 1.0,
      "precision": 0.34049323786793956,
      "f1": 0.5080118694362018,
      "accuracy": 0.34049323786793956,
      "auc": 0.7096846358071316,
      "threshold": 0.05,
      "val_best_recall": 1.0,
      "val_best_f1": 0.0,
      "confusion_matrix": [
        [
          0,
          1658
        ],
        [
          0,
          856
        ]
      ],
      "train_losses": [
        0.6038699555039243,
        0.5922332664628959,
        0.5895642044599515,
        0.5868470627321553,
        0.5846610360792844,
        0.5819134422734197,
        0.5784818738658302,
        0.5734544904219014
      ],
      "val_losses": [
        0.5946519555179937,
        0.586440841103815,
        0.5832645534330113,
        0.5801635490860909,
        0.576097231761665,
        0.5774983167648315,
        0.5788411623353411,
        0.5751439708812981
      ],
      "train_accs": [
        0.6786902020977232,
        0.6891788181120491,
        0.6902020977232028,
        0.6925044768482987,
        0.6951479491771126,
        0.6971092350984907,
        0.6981325147096444,
        0.701969813251471
      ],
      "val_accs": [
        0.697452229299363,
        0.6930732484076433,
        0.6970541401273885,
        0.7010350318471338,
        0.6994426751592356,
        0.7002388535031847,
        0.7046178343949044,
        0.7038216560509554
      ],
      "lr_history": [
        0.0005,
        0.0005,
        0.0005,
        0.0005,
        0.0005,
        0.0005,
        0.00015,
        0.00015
      ]
    }
  }
}