{
  "timestamp": "2026-04-06T05:58:34",
  "config": {
    "lookback_days": 23,
    "use_integrated_data": true,
    "weather_csv_path": "None",
    "include_live_xml": true,
    "batch_size": 21,
    "learning_rate": 0.000694,
    "dropout_prob": 0.12,
    "num_epochs": 12,
    "patience": 8,
    "hybrid_hidden_dim": 192,
    "model_names": [
      "GRU",
      "JellyfishNet"
    ],
    "scheduler_factor": 0.3,
    "scheduler_patience": 1,
    "grad_clip_norm": 1.0,
    "threshold_min": 0.1,
    "threshold_max": 0.9,
    "threshold_steps": 81,
    "threshold_min_precision": 0.4,
    "threshold_target_recall": 0.95,
    "positive_class_weight": 1.77,
    "threshold_selection_metric": "maximize_precision_then_f1_subject_to_target_recall",
    "n_features_per_day": 33
  },
  "results": {
    "GRU": {
      "recall": 0.9567430025445293,
      "precision": 0.33616450603486814,
      "f1": 0.497519020840225,
      "accuracy": 0.39433811802232854,
      "auc": 0.7131704509520559,
      "threshold": 0.25,
      "val_best_recall": 0.9586983729662077,
      "val_best_f1": 0.0,
      "confusion_matrix": [
        [
          237,
          1485
        ],
        [
          34,
          752
        ]
      ],
      "train_losses": [
        0.8211996540373798,
        0.8061104425392698,
        0.7989248301713697,
        0.7942173494339844,
        0.7891720823649865,
        0.7834148622755509,
        0.776442044417918,
        0.7710770506905825,
        0.7638805989296206,
        0.7527645699759965,
        0.7328872894300782,
        0.7258419342686199
      ],
      "val_losses": [
        0.8069023678700129,
        0.8088176988065243,
        0.7999530827005704,
        0.7964823678135872,
        0.7948632943133513,
        0.787568495174249,
        0.789212824900945,
        0.786314976712068,
        0.7914784063895544,
        0.7898425541818141,
        0.790513975173235,
        0.8166571512818337
      ],
      "train_accs": [
        0.6066666666666667,
        0.6452991452991453,
        0.6483760683760684,
        0.6553846153846153,
        0.6576068376068376,
        0.6652991452991452,
        0.6704273504273505,
        0.6699145299145299,
        0.6801709401709402,
        0.6852991452991453,
        0.6998290598290599,
        0.7068376068376069
      ],
      "val_accs": [
        0.6110889509373754,
        0.6071001196649382,
        0.6414040686078979,
        0.621459912245712,
        0.6569605105704028,
        0.6449940167530913,
        0.6358197048264859,
        0.6418029517351416,
        0.644196250498604,
        0.6541683286796969,
        0.6549660949341842,
        0.6637415237335461
      ],
      "lr_history": [
        0.000694,
        0.000694,
        0.000694,
        0.000694,
        0.000694,
        0.000694,
        0.000694,
        0.000694,
        0.000694,
        0.0002082,
        0.0002082,
        6.246e-05
      ]
    },
    "JellyfishNet": {
      "recall": 0.9592875318066157,
      "precision": 0.33630686886708294,
      "f1": 0.4980184940554822,
      "accuracy": 0.3939393939393939,
      "auc": 0.7092572397915909,
      "threshold": 0.21000000000000002,
      "val_best_recall": 0.9561952440550688,
      "val_best_f1": 0.0,
      "confusion_matrix": [
        [
          234,
          1488
        ],
        [
          32,
          754
        ]
      ],
      "train_losses": [
        0.8289090548792193,
        0.8111868476141311,
        0.7983898601117527,
        0.7803234100662252,
        0.7672989383927383,
        0.7577603489801448,
        0.7406136364706101,
        0.7094274583576401,
        0.6968314568094882,
        0.686183841745486,
        0.6804519400908529,
        0.6758686757002252
      ],
      "val_losses": [
        0.806999888519446,
        0.8077017282446225,
        0.8205174520611763,
        0.7984351761639118,
        0.7906206294894218,
        0.7934179499745369,
        0.8214933395385742,
        0.8222035129865011,
        0.8314599235852559,
        0.8378527785340945,
        0.8397091125448545,
        0.8433194662133853
      ],
      "train_accs": [
        0.6147008547008547,
        0.6386324786324786,
        0.6515384615384615,
        0.6664957264957265,
        0.6768376068376069,
        0.6904273504273504,
        0.7038461538461539,
        0.7208547008547008,
        0.7272649572649572,
        0.7346153846153847,
        0.7413675213675214,
        0.7432478632478633
      ],
      "val_accs": [
        0.618667730355006,
        0.6166733147187874,
        0.6545672118069406,
        0.6633426406063023,
        0.6613482249700837,
        0.6489828480255285,
        0.6661348224970084,
        0.6605504587155964,
        0.6406063023534104,
        0.652572796170722,
        0.6501794974072597,
        0.6549660949341842
      ],
      "lr_history": [
        0.000694,
        0.000694,
        0.0002082,
        0.0002082,
        0.0002082,
        0.0002082,
        6.246e-05,
        6.246e-05,
        1.8738e-05,
        1.8738e-05,
        5.621399999999999e-06,
        5.621399999999999e-06
      ]
    }
  }
}