{
  "timestamp": "2026-04-06T14:48:26",
  "config": {
    "lookback_days": 24,
    "data_loading_mode": "integrated",
    "weather_csv_path": "None",
    "include_live_xml": true,
    "batch_size": 17,
    "learning_rate": 0.000707,
    "dropout_prob": 0.14,
    "num_epochs": 100,
    "patience": 8,
    "hybrid_hidden_dim": 160,
    "model_names": [
      "Baseline",
      "JellyfishNet"
    ],
    "scheduler_factor": 0.5,
    "scheduler_patience": 5,
    "grad_clip_norm": 1.0,
    "threshold_min": 0.1,
    "threshold_max": 0.9,
    "threshold_steps": 81,
    "threshold_min_precision": 0.4,
    "threshold_target_recall": 0.95,
    "positive_class_weight": 1.0,
    "threshold_selection_metric": "maximize_precision_then_f1_subject_to_target_recall",
    "n_features_per_day": 33
  },
  "results": {
    "Baseline": {
      "recall": 0.9531615925058547,
      "precision": 0.36782647989154993,
      "f1": 0.5308118682751874,
      "accuracy": 0.42554890219560876,
      "auc": 0.6824396398747761,
      "threshold": 0.23,
      "val_best_recall": 0.950507614213198,
      "val_best_f1": 0.0,
      "confusion_matrix": [
        [
          252,
          1399
        ],
        [
          40,
          814
        ]
      ],
      "train_losses": [
        0.6491495634667402,
        0.6049276258969722,
        0.5937022172607654,
        0.5884035901534695,
        0.5854347890112982,
        0.5844557949796666,
        0.5845918759357097,
        0.5748001963853143,
        0.573183479264032
      ],
      "val_losses": [
        0.628123836138764,
        0.6911614088190569,
        0.6903201434257868,
        0.6925495458213059,
        0.6894152563165974,
        0.7117394839186926,
        0.6827130625779564,
        0.6841485053300858,
        0.6844460569523476
      ],
      "train_accs": [
        0.63206982116882,
        0.6832377855737144,
        0.6898263027295285,
        0.6962436895696072,
        0.6953024728330623,
        0.6988962094635065,
        0.7015487293574056,
        0.7060836827243946,
        0.7053135963035851
      ],
      "val_accs": [
        0.6693290734824281,
        0.6585463258785943,
        0.6633386581469649,
        0.6785143769968051,
        0.680111821086262,
        0.6900958466453674,
        0.6821086261980831,
        0.674520766773163,
        0.6753194888178914
      ],
      "lr_history": [
        0.000707,
        0.000707,
        0.000707,
        0.000707,
        0.000707,
        0.000707,
        0.0003535,
        0.0003535,
        0.0003535
      ]
    },
    "JellyfishNet": {
      "recall": 0.9754098360655737,
      "precision": 0.35936151855047455,
      "f1": 0.5252206809583859,
      "accuracy": 0.39880239520958083,
      "auc": 0.6972152992225278,
      "threshold": 0.13,
      "val_best_recall": 0.9733502538071066,
      "val_best_f1": 0.0,
      "confusion_matrix": [
        [
          166,
          1485
        ],
        [
          21,
          833
        ]
      ],
      "train_losses": [
        0.6046995335193568,
        0.5899803539694741,
        0.5838234801885,
        0.5792042430663524,
        0.5749329354094211,
        0.5697526260777268,
        0.5613467721051948,
        0.5494138902962901,
        0.5359976029586654,
        0.5153787129796868,
        0.4845371408994461,
        0.4163951288453888,
        0.37317218177756944
      ],
      "val_losses": [
        0.5827098996252627,
        0.5884962615531844,
        0.5769300313817488,
        0.577144140327299,
        0.5742933405814944,
        0.5814176636773187,
        0.5795287197908839,
        0.5826017071266432,
        0.583979215170886,
        0.5960021993598422,
        0.6416864513948157,
        0.6936478371153006,
        0.8301067527484249
      ],
      "train_accs": [
        0.6807563959955506,
        0.6880294344143065,
        0.6907675194660734,
        0.6992384700949773,
        0.6994096004107128,
        0.7059981175665269,
        0.7106186360913835,
        0.718319500299478,
        0.7261059296654402,
        0.746983828185163,
        0.76657824933687,
        0.8125267391118337,
        0.8388808077350902
      ],
      "val_accs": [
        0.6880990415335463,
        0.6908945686900958,
        0.6920926517571885,
        0.6960862619808307,
        0.6968849840255591,
        0.6924920127795527,
        0.7028753993610224,
        0.6904952076677316,
        0.702076677316294,
        0.6896964856230032,
        0.6821086261980831,
        0.6777156549520766,
        0.6785143769968051
      ],
      "lr_history": [
        0.000707,
        0.000707,
        0.000707,
        0.000707,
        0.000707,
        0.000707,
        0.000707,
        0.000707,
        0.000707,
        0.000707,
        0.0003535,
        0.0003535,
        0.0003535
      ]
    }
  }
}