{
  "timestamp": "2026-04-06T04:55:50",
  "config": {
    "lookback_days": 14,
    "use_integrated_data": true,
    "weather_csv_path": "None",
    "include_live_xml": false,
    "batch_size": 24,
    "learning_rate": 0.0007,
    "dropout_prob": 0.2,
    "num_epochs": 5,
    "patience": 5,
    "hybrid_hidden_dim": 128,
    "model_names": [
      "JellyfishNet"
    ],
    "scheduler_factor": 0.2,
    "scheduler_patience": 1,
    "grad_clip_norm": 1.0,
    "threshold_min": 0.05,
    "threshold_max": 0.9,
    "threshold_steps": 81,
    "threshold_min_precision": 0.2,
    "threshold_target_recall": 0.95,
    "threshold_selection_metric": "maximize_precision_then_f1_subject_to_target_recall",
    "n_features_per_day": 33
  },
  "results": {
    "JellyfishNet": {
      "recall": 0.9441747572815534,
      "precision": 0.3526745240253853,
      "f1": 0.5135313531353135,
      "accuracy": 0.4185404339250493,
      "auc": 0.6684219187098898,
      "threshold": 0.145625,
      "val_best_recall": 0.9552414605418139,
      "val_best_f1": 0.0,
      "confusion_matrix": [
        [
          283,
          1428
        ],
        [
          46,
          778
        ]
      ],
      "train_losses": [
        0.6031364110613934,
        0.5891620333610635,
        0.5838742825008068,
        0.5809136659330093,
        0.5769531135022278
      ],
      "val_losses": [
        0.5953470372928763,
        0.5908968437392756,
        0.5841667286629947,
        0.5860648228312438,
        0.5873537957668304
      ],
      "train_accs": [
        0.6768710359408033,
        0.6878646934460888,
        0.6891331923890064,
        0.6916701902748414,
        0.695137420718816
      ],
      "val_accs": [
        0.6814054480852744,
        0.6731148835373075,
        0.6889064350572444,
        0.6774575602052901,
        0.6802210817212792
      ],
      "lr_history": [
        0.0007,
        0.0007,
        0.0007,
        0.0007,
        0.00014000000000000001
      ]
    }
  }
}