{
  "timestamp": "2026-04-06T02:24:37",
  "config": {
    "lookback_days": 14,
    "use_integrated_data": true,
    "weather_csv_path": "data/IMS/data_202603142120.csv",
    "include_live_xml": true,
    "batch_size": 32,
    "learning_rate": 0.0008,
    "dropout_prob": 0.2,
    "num_epochs": 8,
    "patience": 8,
    "hybrid_hidden_dim": 128,
    "model_names": [
      "JellyfishNet"
    ],
    "scheduler_factor": 0.2,
    "scheduler_patience": 1,
    "grad_clip_norm": 1.0,
    "threshold_min": 0.11,
    "threshold_max": 0.9,
    "threshold_steps": 80,
    "threshold_min_precision": 0.34,
    "threshold_selection_metric": "recall_on_validation_subject_to_min_precision",
    "n_features_per_day": 33
  },
  "results": {
    "JellyfishNet": {
      "recall": 0.9514563106796117,
      "precision": 0.3470562195661797,
      "f1": 0.5085955238404152,
      "accuracy": 0.40236686390532544,
      "auc": 0.678655884539218,
      "threshold": 0.11,
      "val_best_recall": 0.967020023557126,
      "val_best_f1": 0.0,
      "confusion_matrix": [
        [
          236,
          1475
        ],
        [
          40,
          784
        ]
      ],
      "train_losses": [
        0.6025542303517059,
        0.5904606302042266,
        0.5874988064572618,
        0.5812422536514901,
        0.5777260707842337,
        0.5668635722753164,
        0.5634815423875241,
        0.5597056315557377
      ],
      "val_losses": [
        0.5958070017397403,
        0.5874761547893286,
        0.5849598661065102,
        0.5857826717197895,
        0.5858142305165529,
        0.5849168960005044,
        0.5819544948637485,
        0.5823383700102568
      ],
      "train_accs": [
        0.6828752642706131,
        0.6882029598308668,
        0.6891331923890064,
        0.693276955602537,
        0.6959830866807611,
        0.7046934460887949,
        0.7092600422832981,
        0.7133192389006342
      ],
      "val_accs": [
        0.6841689696012633,
        0.6778523489932886,
        0.681010659297276,
        0.6896960126332412,
        0.685748124753257,
        0.6900908014212397,
        0.6869324911172523,
        0.6896960126332412
      ],
      "lr_history": [
        0.0008,
        0.0008,
        0.0008,
        0.0008,
        0.00016,
        0.00016,
        0.00016,
        0.00016
      ]
    }
  }
}