{
  "timestamp": "2026-04-06T02:17:57",
  "config": {
    "lookback_days": 14,
    "use_integrated_data": true,
    "weather_csv_path": "data/IMS/data_202603142120.csv",
    "include_live_xml": true,
    "batch_size": 32,
    "learning_rate": 0.0012,
    "dropout_prob": 0.3,
    "num_epochs": 8,
    "patience": 8,
    "hybrid_hidden_dim": 64,
    "model_names": [
      "JellyfishNet"
    ],
    "scheduler_factor": 0.2,
    "scheduler_patience": 1,
    "grad_clip_norm": 1.0,
    "threshold_min": 0.05,
    "threshold_max": 0.9,
    "threshold_steps": 86,
    "threshold_min_precision": 0.3,
    "threshold_selection_metric": "recall_on_validation_subject_to_min_precision",
    "n_features_per_day": 33
  },
  "results": {
    "JellyfishNet": {
      "recall": 1.0,
      "precision": 0.32504930966469425,
      "f1": 0.490622208990771,
      "accuracy": 0.32504930966469425,
      "auc": 0.6757368086567215,
      "threshold": 0.05,
      "val_best_recall": 1.0,
      "val_best_f1": 0.0,
      "confusion_matrix": [
        [
          0,
          1711
        ],
        [
          0,
          824
        ]
      ],
      "train_losses": [
        0.6101240497988624,
        0.5935517114561957,
        0.5873255521864504,
        0.5841610177948668,
        0.5844502167927252,
        0.5794134811775105,
        0.578577725549002,
        0.5760638303047901
      ],
      "val_losses": [
        0.5948320243507623,
        0.5885343156754971,
        0.5910989489406347,
        0.5868464231491088,
        0.5839545618742704,
        0.5873487547039986,
        0.5838385913521051,
        0.5822178944945335
      ],
      "train_accs": [
        0.681183932346723,
        0.6887103594080338,
        0.6887949260042283,
        0.6958985200845665,
        0.692262156448203,
        0.694799154334038,
        0.6972515856236786,
        0.6957293868921776
      ],
      "val_accs": [
        0.666008685353336,
        0.690485590209238,
        0.6770627714172918,
        0.6814054480852744,
        0.6841689696012633,
        0.6877220686932491,
        0.6869324911172523,
        0.6845637583892618
      ],
      "lr_history": [
        0.0012,
        0.0012,
        0.0012,
        0.0012,
        0.0012,
        0.0012,
        0.0012,
        0.0012
      ]
    }
  }
}