{
  "timestamp": "2026-04-06T02:16:33",
  "config": {
    "lookback_days": 14,
    "use_integrated_data": true,
    "weather_csv_path": "data/IMS/data_202603142120.csv",
    "include_live_xml": true,
    "batch_size": 32,
    "learning_rate": 0.001,
    "dropout_prob": 0.3,
    "num_epochs": 8,
    "patience": 8,
    "hybrid_hidden_dim": 64,
    "model_names": [
      "JellyfishNet"
    ],
    "scheduler_factor": 0.5,
    "scheduler_patience": 5,
    "grad_clip_norm": 1.0,
    "threshold_min": 0.05,
    "threshold_max": 0.9,
    "threshold_steps": 86,
    "threshold_min_precision": 0.3,
    "threshold_selection_metric": "recall_on_validation_subject_to_min_precision",
    "n_features_per_day": 33
  },
  "results": {
    "JellyfishNet": {
      "recall": 1.0,
      "precision": 0.32504930966469425,
      "f1": 0.490622208990771,
      "accuracy": 0.32504930966469425,
      "auc": 0.6805727360936941,
      "threshold": 0.05,
      "val_best_recall": 1.0,
      "val_best_f1": 0.0,
      "confusion_matrix": [
        [
          0,
          1711
        ],
        [
          0,
          824
        ]
      ],
      "train_losses": [
        0.6072722840953517,
        0.5936703080261075,
        0.5904602862693168,
        0.5851717944886233,
        0.5832945495843888,
        0.5801653446377935,
        0.5795276500888773,
        0.5767839215091757
      ],
      "val_losses": [
        0.59911087192595,
        0.5948303155601025,
        0.5858927045017481,
        0.5828582946211099,
        0.592156296595931,
        0.5870582725852728,
        0.5822846058756113,
        0.5799216531217098
      ],
      "train_accs": [
        0.6819450317124736,
        0.6882875264270613,
        0.6902325581395349,
        0.693953488372093,
        0.6921775898520085,
        0.694968287526427,
        0.693953488372093,
        0.6977589852008457
      ],
      "val_accs": [
        0.6774575602052901,
        0.6683774180813264,
        0.6786419265692855,
        0.6873272799052507,
        0.6762731938412949,
        0.6873272799052507,
        0.6802210817212792,
        0.6944334780892223
      ],
      "lr_history": [
        0.001,
        0.001,
        0.001,
        0.001,
        0.001,
        0.001,
        0.001,
        0.001
      ]
    }
  }
}