{
  "timestamp": "2026-04-06T02:21:58",
  "config": {
    "lookback_days": 14,
    "use_integrated_data": true,
    "weather_csv_path": "data/IMS/data_202603142120.csv",
    "include_live_xml": true,
    "batch_size": 32,
    "learning_rate": 0.0008,
    "dropout_prob": 0.2,
    "num_epochs": 8,
    "patience": 8,
    "hybrid_hidden_dim": 128,
    "model_names": [
      "JellyfishNet"
    ],
    "scheduler_factor": 0.2,
    "scheduler_patience": 1,
    "grad_clip_norm": 1.0,
    "threshold_min": 0.05,
    "threshold_max": 0.9,
    "threshold_steps": 86,
    "threshold_min_precision": 0.32,
    "threshold_selection_metric": "recall_on_validation_subject_to_min_precision",
    "n_features_per_day": 33
  },
  "results": {
    "JellyfishNet": {
      "recall": 1.0,
      "precision": 0.32504930966469425,
      "f1": 0.490622208990771,
      "accuracy": 0.32504930966469425,
      "auc": 0.6804138555208161,
      "threshold": 0.05,
      "val_best_recall": 1.0,
      "val_best_f1": 0.0,
      "confusion_matrix": [
        [
          0,
          1711
        ],
        [
          0,
          824
        ]
      ],
      "train_losses": [
        0.6034664388443972,
        0.5879882791557828,
        0.5847139264280732,
        0.5833416531214843,
        0.5764349827895293,
        0.5734595605650463,
        0.5697084193294113,
        0.5547033361486486
      ],
      "val_losses": [
        0.5963290832936764,
        0.5881064902991057,
        0.5876701824367047,
        0.587072478979826,
        0.5868763960897923,
        0.5908832870423794,
        0.592207382619381,
        0.5810158438980579
      ],
      "train_accs": [
        0.6829598308668076,
        0.6905708245243128,
        0.6908245243128964,
        0.6925158562367865,
        0.6994503171247357,
        0.7023255813953488,
        0.7034249471458773,
        0.7139957716701902
      ],
      "val_accs": [
        0.6695617844453218,
        0.6786419265692855,
        0.6794315041452823,
        0.6873272799052507,
        0.6928543229372286,
        0.6762731938412949,
        0.6861429135412555,
        0.6948282668772207
      ],
      "lr_history": [
        0.0008,
        0.0008,
        0.0008,
        0.0008,
        0.0008,
        0.0008,
        0.00016,
        0.00016
      ]
    }
  }
}