{
  "timestamp": "2026-04-06T06:13:11",
  "config": {
    "lookback_days": 23,
    "use_integrated_data": true,
    "weather_csv_path": "None",
    "include_live_xml": true,
    "batch_size": 21,
    "learning_rate": 0.000694,
    "dropout_prob": 0.12,
    "num_epochs": 12,
    "patience": 8,
    "hybrid_hidden_dim": 192,
    "model_names": [
      "GRU",
      "JellyfishNet"
    ],
    "scheduler_factor": 0.3,
    "scheduler_patience": 1,
    "grad_clip_norm": 1.0,
    "threshold_min": 0.1,
    "threshold_max": 0.9,
    "threshold_steps": 81,
    "threshold_min_precision": 0.4,
    "threshold_target_recall": 0.95,
    "positive_class_weight": 1.77,
    "threshold_selection_metric": "maximize_precision_then_f1_subject_to_target_recall",
    "n_features_per_day": 33
  },
  "results": {
    "GRU": {
      "recall": 0.9529262086513995,
      "precision": 0.3387607417458164,
      "f1": 0.49983316649983317,
      "accuracy": 0.40231259968102073,
      "auc": 0.7209292703614059,
      "threshold": 0.22,
      "val_best_recall": 0.9524405506883604,
      "val_best_f1": 0.0,
      "confusion_matrix": [
        [
          260,
          1462
        ],
        [
          37,
          749
        ]
      ],
      "train_losses": [
        0.821220814220367,
        0.8040949869967703,
        0.799415946914731,
        0.791483446101134,
        0.7880115041168787,
        0.7813741088340787,
        0.7756893297250126,
        0.7701983472672842,
        0.760373098849182,
        0.7546495704988425,
        0.736116454485924,
        0.726015037533203
      ],
      "val_losses": [
        0.8157291332880656,
        0.8037750368316968,
        0.7936942209800084,
        0.7958940322200457,
        0.7875722631812095,
        0.7858393582204978,
        0.7839615811904271,
        0.7810296004017194,
        0.7844806042810281,
        0.7882302674154441,
        0.7903205499053001,
        0.7883403763175011
      ],
      "train_accs": [
        0.6371794871794871,
        0.6481196581196581,
        0.6534188034188034,
        0.6618803418803418,
        0.665042735042735,
        0.6660683760683761,
        0.6682051282051282,
        0.6743589743589744,
        0.6782905982905983,
        0.6839316239316239,
        0.6957264957264957,
        0.7069230769230769
      ],
      "val_accs": [
        0.6262465097726366,
        0.6633426406063023,
        0.6593538093338652,
        0.6509772636617471,
        0.6382130035899481,
        0.6465895492620662,
        0.644196250498604,
        0.6513761467889908,
        0.6585560430793778,
        0.6481850817710411,
        0.6485839648982848,
        0.6585560430793778
      ],
      "lr_history": [
        0.000694,
        0.000694,
        0.000694,
        0.000694,
        0.000694,
        0.000694,
        0.000694,
        0.000694,
        0.000694,
        0.0002082,
        0.0002082,
        6.246e-05
      ]
    },
    "JellyfishNet": {
      "recall": 0.9720101781170484,
      "precision": 0.3298791018998273,
      "f1": 0.49258542875564154,
      "accuracy": 0.372408293460925,
      "auc": 0.7107807064984499,
      "threshold": 0.19,
      "val_best_recall": 0.9612015018773467,
      "val_best_f1": 0.0,
      "confusion_matrix": [
        [
          170,
          1552
        ],
        [
          22,
          764
        ]
      ],
      "train_losses": [
        0.8219826972399134,
        0.8045803588351041,
        0.7964897540841905,
        0.7885499168254141,
        0.7783559145252337,
        0.7659136114581939,
        0.753668093713381,
        0.7296062786946588,
        0.6509875131096677,
        0.6040131316977589,
        0.5436107089415887,
        0.5271179254924525
      ],
      "val_losses": [
        0.8066077873110771,
        0.7967676162719727,
        0.7989865121742089,
        0.7930868292848269,
        0.7937138294180234,
        0.7847896570960681,
        0.8003939628601074,
        0.8269146891931692,
        0.8982243038713932,
        0.8959368055065473,
        1.0003930779794852,
        1.0201125326255958
      ],
      "train_accs": [
        0.6203418803418803,
        0.6414529914529915,
        0.6541025641025641,
        0.662991452991453,
        0.6691452991452992,
        0.6741025641025641,
        0.6890598290598291,
        0.7052136752136752,
        0.7511111111111111,
        0.7787179487179487,
        0.8079487179487179,
        0.8190598290598291
      ],
      "val_accs": [
        0.6613482249700837,
        0.6198643797367371,
        0.6445951336258476,
        0.6533705624252094,
        0.6673314718787395,
        0.6545672118069406,
        0.6406063023534104,
        0.6449940167530913,
        0.6617471080973275,
        0.6469884323893099,
        0.655364978061428,
        0.6561627443159155
      ],
      "lr_history": [
        0.000694,
        0.000694,
        0.000694,
        0.000694,
        0.000694,
        0.000694,
        0.000694,
        0.0002082,
        0.0002082,
        6.246e-05,
        6.246e-05,
        1.8738e-05
      ]
    }
  }
}