{
  "timestamp": "2026-04-06T06:24:10",
  "config": {
    "lookback_days": 21,
    "use_integrated_data": true,
    "weather_csv_path": "None",
    "include_live_xml": true,
    "batch_size": 17,
    "learning_rate": 0.001,
    "dropout_prob": 0.09,
    "num_epochs": 12,
    "patience": 8,
    "hybrid_hidden_dim": 128,
    "model_names": [
      "GRU",
      "JellyfishNet"
    ],
    "scheduler_factor": 0.2,
    "scheduler_patience": 1,
    "grad_clip_norm": 1.0,
    "threshold_min": 0.1,
    "threshold_max": 0.9,
    "threshold_steps": 81,
    "threshold_min_precision": 0.4,
    "threshold_target_recall": 0.95,
    "positive_class_weight": 1.65,
    "threshold_selection_metric": "maximize_precision_then_f1_subject_to_target_recall",
    "n_features_per_day": 33
  },
  "results": {
    "GRU": {
      "recall": 0.9766355140186916,
      "precision": 0.36586433260393875,
      "f1": 0.5323145495065267,
      "accuracy": 0.4156722354813047,
      "auc": 0.7173873065172542,
      "threshold": 0.14,
      "val_best_recall": 0.9556650246305419,
      "val_best_f1": 0.0,
      "confusion_matrix": [
        [
          209,
          1449
        ],
        [
          20,
          836
        ]
      ],
      "train_losses": [
        0.7869149938873623,
        0.7730301449264305,
        0.764733380165653,
        0.7599116972823073,
        0.750912449584491,
        0.7437602213327436,
        0.7251042384600294,
        0.7160616685514865,
        0.7120240795439569,
        0.7038993696803632,
        0.7015149940183197,
        0.6997248300607654
      ],
      "val_losses": [
        0.7718744755193994,
        0.7751163135509234,
        0.7642689391567901,
        0.7612975056509714,
        0.7641357950664855,
        0.7625167432266313,
        0.7592544763072117,
        0.7613027969727645,
        0.7636110053674595,
        0.7612816455799181,
        0.7632136429483826,
        0.7635532869277774
      ],
      "train_accs": [
        0.6508058326937836,
        0.6533640317216679,
        0.6614649953099685,
        0.6687132258889742,
        0.6739148972456723,
        0.6774963758847105,
        0.6952332224780421,
        0.7027372729598362,
        0.7033341860663427,
        0.7106676899462778,
        0.7104971433444188,
        0.7161251812057645
      ],
      "val_accs": [
        0.6811305732484076,
        0.6787420382165605,
        0.6675955414012739,
        0.6472929936305732,
        0.6703821656050956,
        0.6488853503184714,
        0.6771496815286624,
        0.6664012738853503,
        0.6703821656050956,
        0.6679936305732485,
        0.6652070063694268,
        0.6660031847133758
      ],
      "lr_history": [
        0.001,
        0.001,
        0.001,
        0.001,
        0.001,
        0.0002,
        0.0002,
        0.0002,
        4e-05,
        4e-05,
        8.000000000000001e-06,
        8.000000000000001e-06
      ]
    },
    "JellyfishNet": {
      "recall": 0.9544392523364486,
      "precision": 0.37528709232889296,
      "f1": 0.5387405209363666,
      "accuracy": 0.44351630867143993,
      "auc": 0.709609243768531,
      "threshold": 0.18,
      "val_best_recall": 0.9532019704433498,
      "val_best_f1": 0.0,
      "confusion_matrix": [
        [
          298,
          1360
        ],
        [
          39,
          817
        ]
      ],
      "train_losses": [
        0.7928463634805403,
        0.7750279261582139,
        0.770122806576715,
        0.7606543120698652,
        0.7548463106155395,
        0.7461369799099107,
        0.733292792543121,
        0.7147858421871628,
        0.6935440469479215,
        0.6158626366784608,
        0.5764618066126022,
        0.5338749839343886
      ],
      "val_losses": [
        0.7844338507668392,
        0.7787331813896025,
        0.778478592432834,
        0.7720156201236957,
        0.7765452932264354,
        0.7709030543227453,
        0.7662220484501606,
        0.781586384048333,
        0.8296403268704543,
        0.8694670895064199,
        0.9259578899757283,
        0.9805131872763505
      ],
      "train_accs": [
        0.6387822972627271,
        0.6467127142491685,
        0.6564338705551291,
        0.6641084676387823,
        0.6681163127824679,
        0.6738296239447429,
        0.6828685938432677,
        0.6964270486910549,
        0.7149313549927517,
        0.7608936641937409,
        0.7846849151530656,
        0.80523578067707
      ],
      "val_accs": [
        0.6930732484076433,
        0.6401273885350318,
        0.6476910828025477,
        0.6576433121019108,
        0.5939490445859873,
        0.6377388535031847,
        0.6715764331210191,
        0.652468152866242,
        0.6238057324840764,
        0.6496815286624203,
        0.6468949044585988,
        0.6484872611464968
      ],
      "lr_history": [
        0.001,
        0.001,
        0.001,
        0.001,
        0.001,
        0.001,
        0.001,
        0.001,
        0.0002,
        0.0002,
        4e-05,
        4e-05
      ]
    }
  }
}