{
  "timestamp": "2026-04-06T06:34:14",
  "config": {
    "lookback_days": 20,
    "use_integrated_data": true,
    "weather_csv_path": "None",
    "include_live_xml": true,
    "batch_size": 23,
    "learning_rate": 0.001,
    "dropout_prob": 0.11,
    "num_epochs": 12,
    "patience": 8,
    "hybrid_hidden_dim": 128,
    "model_names": [
      "GRU",
      "JellyfishNet"
    ],
    "scheduler_factor": 0.2,
    "scheduler_patience": 1,
    "grad_clip_norm": 1.0,
    "threshold_min": 0.1,
    "threshold_max": 0.9,
    "threshold_steps": 81,
    "threshold_min_precision": 0.4,
    "threshold_target_recall": 0.95,
    "positive_class_weight": 1.81,
    "threshold_selection_metric": "maximize_precision_then_f1_subject_to_target_recall",
    "n_features_per_day": 33
  },
  "results": {
    "GRU": {
      "recall": 0.9549763033175356,
      "precision": 0.3627362736273627,
      "f1": 0.5257664709719504,
      "accuracy": 0.4223281684545093,
      "auc": 0.707669269099696,
      "threshold": 0.24000000000000002,
      "val_best_recall": 0.9570917759237187,
      "val_best_f1": 0.0,
      "confusion_matrix": [
        [
          257,
          1416
        ],
        [
          38,
          806
        ]
      ],
      "train_losses": [
        0.825732953044533,
        0.8078572636947706,
        0.8018532357453834,
        0.7961025541309275,
        0.7888886388500609,
        0.7835093365723373,
        0.7752836870937199,
        0.7667582355250118,
        0.7540218663308952,
        0.7322921270027086,
        0.7231761225865545,
        0.7135198048066254
      ],
      "val_losses": [
        0.8196716742082075,
        0.8346185537901791,
        0.8122970353473317,
        0.8079437234184959,
        0.8094089518893849,
        0.8049664134329015,
        0.7975442761724646,
        0.8145112162286585,
        0.8106232846325094,
        0.8076827179301869,
        0.8131624465638941,
        0.8082341329617934
      ],
      "train_accs": [
        0.6151094455327485,
        0.641853334468955,
        0.6438122817477216,
        0.6537773613831871,
        0.6615279788774381,
        0.6673196490929222,
        0.675325781449621,
        0.685972234051614,
        0.6921897623711779,
        0.705732050080913,
        0.7140788689208756,
        0.7145047270249553
      ],
      "val_accs": [
        0.6270377733598409,
        0.621868787276342,
        0.642544731610338,
        0.6493041749502982,
        0.6389662027833002,
        0.6504970178926441,
        0.6469184890656063,
        0.6385685884691849,
        0.6504970178926441,
        0.6576540755467197,
        0.647713717693837,
        0.6560636182902585
      ],
      "lr_history": [
        0.001,
        0.001,
        0.001,
        0.001,
        0.001,
        0.001,
        0.001,
        0.001,
        0.0002,
        0.0002,
        4e-05,
        4e-05
      ]
    },
    "JellyfishNet": {
      "recall": 0.9597156398104265,
      "precision": 0.3532490187527257,
      "f1": 0.5164169588779088,
      "accuracy": 0.3972983710766786,
      "auc": 0.7048537831123249,
      "threshold": 0.2,
      "val_best_recall": 0.9630512514898689,
      "val_best_f1": 0.0,
      "confusion_matrix": [
        [
          190,
          1483
        ],
        [
          34,
          810
        ]
      ],
      "train_losses": [
        0.8312245500064409,
        0.8103364967903279,
        0.8026001424238873,
        0.7979225319192368,
        0.7879285947683973,
        0.7799580642505168,
        0.7425486024928419,
        0.7262595802720512,
        0.7051129731880009,
        0.6960904450682511,
        0.6939194046704503,
        0.6884499312963505
      ],
      "val_losses": [
        0.8158394331281835,
        0.8264294884421609,
        0.8091770719398151,
        0.8090393055569042,
        0.8172472867098721,
        0.8180081302469427,
        0.8259419517083602,
        0.8297811491922898,
        0.8518082437190142,
        0.857380845059048,
        0.8589122820984233,
        0.8619596603241834
      ],
      "train_accs": [
        0.6045481645515715,
        0.637083723703262,
        0.6404054169150839,
        0.6456008857848565,
        0.653947704624819,
        0.6654458734349714,
        0.6856315475683502,
        0.6984924623115578,
        0.7122902648837407,
        0.7200408823779917,
        0.7231070607273656,
        0.722425687760838
      ],
      "val_accs": [
        0.6230616302186879,
        0.637375745526839,
        0.6345924453280318,
        0.65168986083499,
        0.6405566600397614,
        0.6174950298210735,
        0.6481113320079522,
        0.6433399602385685,
        0.6441351888667992,
        0.6437375745526839,
        0.6437375745526839,
        0.6429423459244533
      ],
      "lr_history": [
        0.001,
        0.001,
        0.001,
        0.001,
        0.001,
        0.0002,
        0.0002,
        4e-05,
        4e-05,
        8.000000000000001e-06,
        8.000000000000001e-06,
        1.6000000000000004e-06
      ]
    }
  }
}