{
  "timestamp": "2026-04-06T03:26:53",
  "config": {
    "lookback_days": 23,
    "use_integrated_data": true,
    "weather_csv_path": "None",
    "include_live_xml": true,
    "batch_size": 21,
    "learning_rate": 0.000694,
    "dropout_prob": 0.12,
    "num_epochs": 12,
    "patience": 8,
    "hybrid_hidden_dim": 192,
    "model_names": [
      "GRU",
      "JellyfishNet"
    ],
    "scheduler_factor": 0.3,
    "scheduler_patience": 1,
    "grad_clip_norm": 1.0,
    "threshold_min": 0.1,
    "threshold_max": 0.9,
    "threshold_steps": 81,
    "threshold_min_precision": 0.4,
    "threshold_target_recall": 0.95,
    "positive_class_weight": 1.77,
    "threshold_selection_metric": "maximize_precision_then_f1_subject_to_target_recall",
    "n_features_per_day": 33
  },
  "results": {
    "GRU": {
      "recall": 0.9643765903307888,
      "precision": 0.3342151675485009,
      "f1": 0.4963981663392273,
      "accuracy": 0.386762360446571,
      "auc": 0.7190814574448907,
      "threshold": 0.19,
      "val_best_recall": 0.951188986232791,
      "val_best_f1": 0.0,
      "confusion_matrix": [
        [
          212,
          1510
        ],
        [
          28,
          758
        ]
      ],
      "train_losses": [
        0.8228544386697927,
        0.8040455441962007,
        0.7967774908602452,
        0.7915797262956592,
        0.7868479989655983,
        0.7821806617962417,
        0.7764530495930744,
        0.76352722104305,
        0.7581367763460324,
        0.7531913477780571,
        0.7457478340701817,
        0.7440792414022603
      ],
      "val_losses": [
        0.801939866443475,
        0.7963175634543102,
        0.7969176262617111,
        0.791840281089147,
        0.7867481132348378,
        0.7931785777211189,
        0.7889617418249448,
        0.7847492431600889,
        0.7868241056799888,
        0.788389710833629,
        0.7872240630288919,
        0.788237315416336
      ],
      "train_accs": [
        0.6247008547008547,
        0.6463247863247863,
        0.6531623931623932,
        0.6541880341880342,
        0.6652136752136752,
        0.6679487179487179,
        0.6704273504273505,
        0.6822222222222222,
        0.686923076923077,
        0.6877777777777778,
        0.6935042735042735,
        0.6942735042735043
      ],
      "val_accs": [
        0.6202632628639808,
        0.6445951336258476,
        0.6250498603909055,
        0.6569605105704028,
        0.6521739130434783,
        0.6418029517351416,
        0.6414040686078979,
        0.6597526924611089,
        0.6573593936976466,
        0.6533705624252094,
        0.6561627443159155,
        0.6601515755883526
      ],
      "lr_history": [
        0.000694,
        0.000694,
        0.000694,
        0.000694,
        0.000694,
        0.000694,
        0.0002082,
        0.0002082,
        0.0002082,
        6.246e-05,
        6.246e-05,
        1.8738e-05
      ]
    },
    "JellyfishNet": {
      "recall": 0.9707379134860051,
      "precision": 0.3379096545615589,
      "f1": 0.5013140604467806,
      "accuracy": 0.39473684210526316,
      "auc": 0.7156470078877453,
      "threshold": 0.18,
      "val_best_recall": 0.9599499374217773,
      "val_best_f1": 0.0,
      "confusion_matrix": [
        [
          227,
          1495
        ],
        [
          23,
          763
        ]
      ],
      "train_losses": [
        0.8281197998686076,
        0.8065223922438947,
        0.7980929883363853,
        0.7903142766926878,
        0.7674212670454414,
        0.7545311050923494,
        0.7423274675150499,
        0.7166496119512025,
        0.704826140569316,
        0.6948577535195163,
        0.6925338742233091,
        0.686751522097109
      ],
      "val_losses": [
        0.7998996143539746,
        0.7949641312162081,
        0.7971843947966893,
        0.7967275838057201,
        0.7874070276816686,
        0.7902087469895681,
        0.7950251258909702,
        0.80903110653162,
        0.8241935787101586,
        0.8265905156731606,
        0.8280837021768093,
        0.8304278537631035
      ],
      "train_accs": [
        0.6173504273504273,
        0.645982905982906,
        0.6494871794871795,
        0.6556410256410257,
        0.6796581196581196,
        0.6829059829059829,
        0.6948717948717948,
        0.7111965811965812,
        0.7185470085470086,
        0.724957264957265,
        0.7291452991452991,
        0.7273504273504273
      ],
      "val_accs": [
        0.6246509772636617,
        0.6537694455524531,
        0.6677303550059832,
        0.6449940167530913,
        0.6445951336258476,
        0.6533705624252094,
        0.6585560430793778,
        0.655364978061428,
        0.6485839648982848,
        0.6537694455524531,
        0.6469884323893099,
        0.6529716792979657
      ],
      "lr_history": [
        0.000694,
        0.000694,
        0.000694,
        0.0002082,
        0.0002082,
        0.0002082,
        6.246e-05,
        6.246e-05,
        1.8738e-05,
        1.8738e-05,
        5.621399999999999e-06,
        5.621399999999999e-06
      ]
    }
  }
}