{
  "timestamp": "2026-04-06T09:14:20",
  "config": {
    "lookback_days": 20,
    "use_integrated_data": true,
    "weather_csv_path": "None",
    "include_live_xml": true,
    "batch_size": 23,
    "learning_rate": 0.001,
    "dropout_prob": 0.11,
    "num_epochs": 12,
    "patience": 8,
    "hybrid_hidden_dim": 128,
    "model_names": [
      "GRU",
      "JellyfishNet"
    ],
    "scheduler_factor": 0.2,
    "scheduler_patience": 1,
    "grad_clip_norm": 1.0,
    "threshold_min": 0.1,
    "threshold_max": 0.9,
    "threshold_steps": 81,
    "threshold_min_precision": 0.4,
    "threshold_target_recall": 0.95,
    "positive_class_weight": 1.81,
    "threshold_selection_metric": "maximize_precision_then_f1_subject_to_target_recall",
    "n_features_per_day": 33
  },
  "results": {
    "GRU": {
      "recall": 0.9585308056872038,
      "precision": 0.3624551971326165,
      "f1": 0.5260078023407022,
      "accuracy": 0.42073897497020263,
      "auc": 0.7159202613008955,
      "threshold": 0.21000000000000002,
      "val_best_recall": 0.9594755661501788,
      "val_best_f1": 0.0,
      "confusion_matrix": [
        [
          250,
          1423
        ],
        [
          35,
          809
        ]
      ],
      "train_losses": [
        0.8215214121365034,
        0.8060598365248066,
        0.8003765402358105,
        0.7935579489705147,
        0.7873208077219834,
        0.7729880286056234,
        0.7658245371045899,
        0.7664953518637005,
        0.7599003864361116,
        0.7590696588887628,
        0.7579330088691002,
        0.7566694862222019
      ],
      "val_losses": [
        0.8287421091036363,
        0.8082955512133512,
        0.8074835945259441,
        0.8108567302877253,
        0.8144210761243647,
        0.7985002441839738,
        0.7995152240449732,
        0.8039778666062789,
        0.8003673418001696,
        0.8008875386281447,
        0.8007878151806918,
        0.8007401991974223
      ],
      "train_accs": [
        0.6426198790562985,
        0.6504556681713654,
        0.6553956221786901,
        0.6594838599778554,
        0.6675751639553701,
        0.6739630355165659,
        0.6869942935014053,
        0.6841836300144791,
        0.6886125542969083,
        0.6910825313005706,
        0.6918490758879141,
        0.6916787326462822
      ],
      "val_accs": [
        0.6429423459244533,
        0.6612326043737574,
        0.6584493041749503,
        0.6568588469184891,
        0.6174950298210735,
        0.6560636182902585,
        0.6524850894632207,
        0.6556660039761432,
        0.6572564612326044,
        0.6576540755467197,
        0.6572564612326044,
        0.6576540755467197
      ],
      "lr_history": [
        0.001,
        0.001,
        0.001,
        0.001,
        0.0002,
        0.0002,
        0.0002,
        4e-05,
        4e-05,
        8.000000000000001e-06,
        8.000000000000001e-06,
        1.6000000000000004e-06
      ]
    },
    "JellyfishNet": {
      "recall": 0.9940758293838863,
      "precision": 0.3356,
      "f1": 0.5017942583732057,
      "accuracy": 0.33810091378625345,
      "auc": 0.7032723517930443,
      "threshold": 0.18,
      "val_best_recall": 0.9964243146603099,
      "val_best_f1": 0.0,
      "confusion_matrix": [
        [
          12,
          1661
        ],
        [
          5,
          839
        ]
      ],
      "train_losses": [
        0.830140644906785,
        0.8086404085975804,
        0.8049750584678874,
        0.7846403077623849,
        0.778466714863208,
        0.7743471726162793,
        0.7641880430004134,
        0.7619425070029182,
        0.7612539960796819,
        0.7580902197939542,
        0.7589362901717482,
        0.7584816564435828
      ],
      "val_losses": [
        0.818829669193788,
        0.8194105717268857,
        0.8220911860466004,
        0.8142845267599279,
        0.8174078941345215,
        0.8145080891522494,
        0.8154313951730728,
        0.8171577719124881,
        0.8169489711523056,
        0.8173023738644339,
        0.8173419204625216,
        0.8173469714143059
      ],
      "train_accs": [
        0.6101694915254238,
        0.6507111830338131,
        0.6459415722681202,
        0.6639979558811004,
        0.6673196490929222,
        0.6695341112341368,
        0.6784771314198109,
        0.676688527382676,
        0.6829060557022401,
        0.6800102205944979,
        0.682991227323056,
        0.6827357124606082
      ],
      "val_accs": [
        0.6445328031809145,
        0.631013916500994,
        0.6111332007952286,
        0.6333996023856859,
        0.6441351888667992,
        0.6453280318091451,
        0.6385685884691849,
        0.6429423459244533,
        0.6401590457256461,
        0.6409542743538768,
        0.6409542743538768,
        0.6417495029821073
      ],
      "lr_history": [
        0.001,
        0.001,
        0.0002,
        0.0002,
        0.0002,
        4e-05,
        4e-05,
        8.000000000000001e-06,
        8.000000000000001e-06,
        1.6000000000000004e-06,
        1.6000000000000004e-06,
        3.200000000000001e-07
      ]
    }
  }
}