{
  "timestamp": "2026-04-06T10:32:37",
  "config": {
    "lookback_days": 25,
    "use_integrated_data": true,
    "weather_csv_path": "None",
    "include_live_xml": true,
    "batch_size": 19,
    "learning_rate": 0.000427,
    "dropout_prob": 0.14,
    "num_epochs": 12,
    "patience": 8,
    "hybrid_hidden_dim": 192,
    "model_names": [
      "GRU",
      "JellyfishNet"
    ],
    "scheduler_factor": 0.35,
    "scheduler_patience": 1,
    "grad_clip_norm": 1.0,
    "threshold_min": 0.1,
    "threshold_max": 0.9,
    "threshold_steps": 81,
    "threshold_min_precision": 0.4,
    "threshold_target_recall": 0.95,
    "positive_class_weight": 1.58,
    "threshold_selection_metric": "maximize_precision_then_f1_subject_to_target_recall",
    "n_features_per_day": 33
  },
  "results": {
    "GRU": {
      "recall": 0.9604790419161676,
      "precision": 0.3534596738651388,
      "f1": 0.5167525773195876,
      "accuracy": 0.40071913703555734,
      "auc": 0.7026253248897887,
      "threshold": 0.18,
      "val_best_recall": 0.9547619047619048,
      "val_best_f1": 0.0,
      "confusion_matrix": [
        [
          201,
          1467
        ],
        [
          33,
          802
        ]
      ],
      "train_losses": [
        0.7681224836566584,
        0.7529882717423323,
        0.7477867027123769,
        0.7369754359489534,
        0.736180709581065,
        0.7320768963515274,
        0.7303576518849628,
        0.7281631231307983,
        0.7258311816831914,
        0.7249806849452538,
        0.7220395236480527,
        0.719955483006268
      ],
      "val_losses": [
        0.7737932640946272,
        0.7806962667541071,
        0.7758808558185896,
        0.7719124799424951,
        0.767199832155849,
        0.7689306596011827,
        0.7620636129921133,
        0.76949414972103,
        0.7693513516675342,
        0.7639984610405836,
        0.7647403180599213,
        0.7652703803597074
      ],
      "train_accs": [
        0.6335132356720637,
        0.6571575430480596,
        0.6686370256146663,
        0.6757474513835346,
        0.6761757902852737,
        0.6770324680887518,
        0.6808018504240555,
        0.6796025014991861,
        0.6813158571061424,
        0.6885119506553585,
        0.6881692795339672,
        0.6914246551871841
      ],
      "val_accs": [
        0.6525389844062375,
        0.6525389844062375,
        0.6505397840863655,
        0.6597361055577768,
        0.665733706517393,
        0.656937225109956,
        0.6529388244702119,
        0.6585365853658537,
        0.6577369052379048,
        0.6593362654938025,
        0.6601359456217513,
        0.6625349860055978
      ],
      "lr_history": [
        0.000427,
        0.000427,
        0.00014945,
        0.00014945,
        0.00014945,
        0.00014945,
        0.00014945,
        0.00014945,
        5.23075e-05,
        5.23075e-05,
        1.8307625e-05,
        1.8307625e-05
      ]
    },
    "JellyfishNet": {
      "recall": 0.9592814371257485,
      "precision": 0.36359509759418973,
      "f1": 0.5273206056616194,
      "accuracy": 0.42628845385537356,
      "auc": 0.7022415600453769,
      "threshold": 0.15000000000000002,
      "val_best_recall": 0.95,
      "val_best_f1": 0.0,
      "confusion_matrix": [
        [
          266,
          1402
        ],
        [
          34,
          801
        ]
      ],
      "train_losses": [
        0.7681069146811478,
        0.7497798959898755,
        0.741932839882083,
        0.7358350966519457,
        0.7282427058471896,
        0.7198164109292069,
        0.711786303190681,
        0.6785195582765874,
        0.6639051562402306,
        0.6324851522116157,
        0.6239425536093673,
        0.613270117039603
      ],
      "val_losses": [
        0.776202070442113,
        0.7908054583451964,
        0.7678580173488819,
        0.7850611494346098,
        0.7634195202227795,
        0.764345653806672,
        0.7697933772296617,
        0.7813500743923765,
        0.8105894117192789,
        0.8380990509282459,
        0.8477523342678042,
        0.8453766624584342
      ],
      "train_accs": [
        0.6586995630943202,
        0.6690653645164054,
        0.6775464747708387,
        0.6708643879037094,
        0.6854279105628374,
        0.686969930609098,
        0.690996316285445,
        0.7134412747365716,
        0.7224363916730917,
        0.7407692966675233,
        0.7429966589565664,
        0.7494217424826523
      ],
      "val_accs": [
        0.6069572171131548,
        0.6277489004398241,
        0.6577369052379048,
        0.6733306677329068,
        0.656937225109956,
        0.6529388244702119,
        0.6073570571771292,
        0.652139144342263,
        0.6601359456217513,
        0.6529388244702119,
        0.6449420231907237,
        0.6433426629348261
      ],
      "lr_history": [
        0.000427,
        0.000427,
        0.000427,
        0.000427,
        0.000427,
        0.000427,
        0.00014945,
        0.00014945,
        5.23075e-05,
        5.23075e-05,
        1.8307625e-05,
        1.8307625e-05
      ]
    }
  }
}