{
  "timestamp": "2026-04-06T09:30:16",
  "config": {
    "lookback_days": 24,
    "use_integrated_data": true,
    "weather_csv_path": "None",
    "include_live_xml": true,
    "batch_size": 14,
    "learning_rate": 0.00042,
    "dropout_prob": 0.07,
    "num_epochs": 12,
    "patience": 8,
    "hybrid_hidden_dim": 160,
    "model_names": [
      "GRU",
      "JellyfishNet"
    ],
    "scheduler_factor": 0.35,
    "scheduler_patience": 1,
    "grad_clip_norm": 1.0,
    "threshold_min": 0.1,
    "threshold_max": 0.9,
    "threshold_steps": 81,
    "threshold_min_precision": 0.4,
    "threshold_target_recall": 0.95,
    "positive_class_weight": 1.47,
    "threshold_selection_metric": "maximize_precision_then_f1_subject_to_target_recall",
    "n_features_per_day": 33
  },
  "results": {
    "GRU": {
      "recall": 0.9672131147540983,
      "precision": 0.3645189761694616,
      "f1": 0.5294871794871795,
      "accuracy": 0.41397205588822356,
      "auc": 0.7129945374104404,
      "threshold": 0.18,
      "val_best_recall": 0.9568527918781726,
      "val_best_f1": 0.0,
      "confusion_matrix": [
        [
          211,
          1440
        ],
        [
          28,
          826
        ]
      ],
      "train_losses": [
        0.743409186351799,
        0.723683742848699,
        0.7173723206548633,
        0.7137763418123394,
        0.7108154462840028,
        0.707178958839999,
        0.7030526662301161,
        0.6978228492294243,
        0.6939207315444946,
        0.6884068345595262,
        0.6776637393200469,
        0.6725508200908136
      ],
      "val_losses": [
        0.7242758635369093,
        0.7228348007082274,
        0.7213535357120983,
        0.7200546461110674,
        0.7198320886942261,
        0.7142415196535974,
        0.7162146256955643,
        0.7114390544385217,
        0.7142102605137746,
        0.7219715862633795,
        0.7136128070301184,
        0.7130809874174981
      ],
      "train_accs": [
        0.6668948404209806,
        0.6715153589458372,
        0.6756224865234877,
        0.6811842217848892,
        0.6826388294686404,
        0.6886283905193805,
        0.6905108239924702,
        0.6943612560965174,
        0.6961581244117395,
        0.7016342945152734,
        0.7084795071446907,
        0.7126721998802088
      ],
      "val_accs": [
        0.6805111821086262,
        0.6685303514376997,
        0.6573482428115016,
        0.6869009584664537,
        0.6793130990415336,
        0.6829073482428115,
        0.6793130990415336,
        0.6725239616613419,
        0.670926517571885,
        0.6733226837060703,
        0.670926517571885,
        0.674520766773163
      ],
      "lr_history": [
        0.00042,
        0.00042,
        0.00042,
        0.00042,
        0.00042,
        0.00042,
        0.00042,
        0.00042,
        0.00042,
        0.000147,
        0.000147,
        5.145e-05
      ]
    },
    "JellyfishNet": {
      "recall": 0.9660421545667447,
      "precision": 0.36830357142857145,
      "f1": 0.5332902391725921,
      "accuracy": 0.4235528942115768,
      "auc": 0.7014785588749703,
      "threshold": 0.16,
      "val_best_recall": 0.9606598984771574,
      "val_best_f1": 0.0,
      "confusion_matrix": [
        [
          236,
          1415
        ],
        [
          29,
          825
        ]
      ],
      "train_losses": [
        0.7448276013314367,
        0.7233818846905303,
        0.7182550108004473,
        0.7124989076288875,
        0.7064171568719213,
        0.6842665134075873,
        0.6729825904983247,
        0.6489288276541019,
        0.6418855920880141,
        0.6331694050463373,
        0.6284915919253926
      ],
      "val_losses": [
        0.7232003589915164,
        0.7322027353601083,
        0.7181167472674194,
        0.7215175259046714,
        0.7320424206763007,
        0.7235481054756229,
        0.7317325183133173,
        0.7445977614911575,
        0.7607159657851278,
        0.7622524746303452,
        0.7671335885644625
      ],
      "train_accs": [
        0.6573115427397963,
        0.6766492684179002,
        0.6772482245229743,
        0.6878583040985711,
        0.6880294344143065,
        0.7042868144091726,
        0.7116454179857962,
        0.7303841875588261,
        0.7272182767177205,
        0.734919140925815,
        0.7373149653461111
      ],
      "val_accs": [
        0.674520766773163,
        0.6533546325878594,
        0.6473642172523961,
        0.6972843450479234,
        0.6952875399361023,
        0.6629392971246006,
        0.680111821086262,
        0.6705271565495208,
        0.6765175718849841,
        0.672923322683706,
        0.670926517571885
      ],
      "lr_history": [
        0.00042,
        0.00042,
        0.00042,
        0.00042,
        0.000147,
        0.000147,
        5.145e-05,
        5.145e-05,
        1.8007499999999997e-05,
        1.8007499999999997e-05,
        6.302624999999999e-06
      ]
    }
  }
}