{
  "timestamp": "2026-04-06T10:14:46",
  "config": {
    "lookback_days": 15,
    "use_integrated_data": true,
    "weather_csv_path": "None",
    "include_live_xml": true,
    "batch_size": 23,
    "learning_rate": 0.000611,
    "dropout_prob": 0.17,
    "num_epochs": 12,
    "patience": 8,
    "hybrid_hidden_dim": 160,
    "model_names": [
      "GRU",
      "JellyfishNet"
    ],
    "scheduler_factor": 0.3,
    "scheduler_patience": 1,
    "grad_clip_norm": 1.0,
    "threshold_min": 0.1,
    "threshold_max": 0.9,
    "threshold_steps": 81,
    "threshold_min_precision": 0.4,
    "threshold_target_recall": 0.95,
    "positive_class_weight": 1.37,
    "threshold_selection_metric": "maximize_precision_then_f1_subject_to_target_recall",
    "n_features_per_day": 33
  },
  "results": {
    "GRU": {
      "recall": 0.9658536585365853,
      "precision": 0.3542039355992844,
      "f1": 0.518324607329843,
      "accuracy": 0.4186413902053712,
      "auc": 0.7173698569637565,
      "threshold": 0.15000000000000002,
      "val_best_recall": 0.9523809523809523,
      "val_best_f1": 0.0,
      "confusion_matrix": [
        [
          268,
          1444
        ],
        [
          28,
          792
        ]
      ],
      "train_losses": [
        0.7204364287134274,
        0.7044759297069408,
        0.6999647640532557,
        0.6937318543399819,
        0.6929790719705797,
        0.6875982475883766,
        0.6820822229413207,
        0.6815074351163226,
        0.6757260126710402,
        0.666435169280735,
        0.6629526938677762,
        0.6582800973830056
      ],
      "val_losses": [
        0.7080659763379531,
        0.7050288763913242,
        0.6991167851469734,
        0.6946645793589679,
        0.6958695362914692,
        0.6938340978188948,
        0.6889460197903893,
        0.6932262282479893,
        0.6964956335046074,
        0.6890479781410911,
        0.6938201077959755,
        0.6883453033187172
      ],
      "train_accs": [
        0.6576073152146305,
        0.6699686732706799,
        0.6734400135466938,
        0.6773346880027094,
        0.6760646854627043,
        0.6815680298027262,
        0.688256709846753,
        0.6921513843027686,
        0.6915587164507663,
        0.7021420709508086,
        0.7023960714588096,
        0.7067140800948268
      ],
      "val_accs": [
        0.6743083003952569,
        0.675494071146245,
        0.6790513833992095,
        0.6849802371541502,
        0.6826086956521739,
        0.6695652173913044,
        0.6833992094861661,
        0.6853754940711463,
        0.6814229249011857,
        0.6877470355731226,
        0.6865612648221344,
        0.6865612648221344
      ],
      "lr_history": [
        0.000611,
        0.000611,
        0.000611,
        0.000611,
        0.000611,
        0.000611,
        0.000611,
        0.000611,
        0.00018329999999999998,
        0.00018329999999999998,
        5.4989999999999994e-05,
        5.4989999999999994e-05
      ]
    },
    "JellyfishNet": {
      "recall": 0.9463414634146341,
      "precision": 0.3597589244320816,
      "f1": 0.5213301981860934,
      "accuracy": 0.4372037914691943,
      "auc": 0.7058984642124458,
      "threshold": 0.19,
      "val_best_recall": 0.9512195121951219,
      "val_best_f1": 0.0,
      "confusion_matrix": [
        [
          331,
          1381
        ],
        [
          44,
          776
        ]
      ],
      "train_losses": [
        0.7203925300664938,
        0.7039515977935569,
        0.6978253327918887,
        0.6931993510820522,
        0.6880358416978487,
        0.6816816799023736,
        0.6759377426906319,
        0.654687092983769,
        0.6410152469163739,
        0.6271234466060126,
        0.6215808345765919,
        0.6136010170330797
      ],
      "val_losses": [
        0.7153923075307499,
        0.7114834969693964,
        0.707586347785863,
        0.7019875567067754,
        0.7007145835594697,
        0.706889830936085,
        0.7008830845355988,
        0.7008448297327216,
        0.7129594726995988,
        0.7213823280551217,
        0.7307186649604277,
        0.7332440034909682
      ],
      "train_accs": [
        0.6644653289306579,
        0.6675980018626704,
        0.6777580221827111,
        0.6791973583947168,
        0.6820760308187283,
        0.6871560409787486,
        0.6908813817627635,
        0.7064600795868259,
        0.7145880958428583,
        0.7266954533909068,
        0.7279654559309119,
        0.7356701380069427
      ],
      "val_accs": [
        0.6794466403162055,
        0.6351778656126482,
        0.6632411067193675,
        0.6656126482213439,
        0.6545454545454545,
        0.6810276679841897,
        0.6470355731225297,
        0.6656126482213439,
        0.66600790513834,
        0.6648221343873518,
        0.6644268774703558,
        0.6656126482213439
      ],
      "lr_history": [
        0.000611,
        0.000611,
        0.000611,
        0.000611,
        0.000611,
        0.000611,
        0.00018329999999999998,
        0.00018329999999999998,
        5.4989999999999994e-05,
        5.4989999999999994e-05,
        1.6496999999999998e-05,
        1.6496999999999998e-05
      ]
    }
  }
}