{
  "timestamp": "2026-04-06T15:04:17",
  "config": {
    "lookback_days": 20,
    "use_integrated_data": true,
    "weather_csv_path": "None",
    "include_live_xml": true,
    "batch_size": 18,
    "learning_rate": 0.000394,
    "dropout_prob": 0.15,
    "num_epochs": 12,
    "patience": 8,
    "hybrid_hidden_dim": 160,
    "model_names": [
      "GRU",
      "JellyfishNet"
    ],
    "scheduler_factor": 0.35,
    "scheduler_patience": 1,
    "grad_clip_norm": 1.0,
    "threshold_min": 0.1,
    "threshold_max": 0.9,
    "threshold_steps": 81,
    "threshold_min_precision": 0.4,
    "threshold_target_recall": 0.95,
    "positive_class_weight": 1.65,
    "threshold_selection_metric": "maximize_precision_then_f1_subject_to_target_recall",
    "n_features_per_day": 33
  },
  "results": {
    "GRU": {
      "recall": 0.9609004739336493,
      "precision": 0.35900841080123946,
      "f1": 0.5227199484369964,
      "accuracy": 0.411601112435439,
      "auc": 0.7115534428885874,
      "threshold": 0.19,
      "val_best_recall": 0.9618593563766389,
      "val_best_f1": 0.0,
      "confusion_matrix": [
        [
          225,
          1448
        ],
        [
          33,
          811
        ]
      ],
      "train_losses": [
        0.7863771082066102,
        0.7697101783515118,
        0.7646024502346015,
        0.7625953460634212,
        0.7534371957205703,
        0.7509183987724105,
        0.7503390856212715,
        0.7481185449301557,
        0.7448246599977999,
        0.7454867237468591,
        0.7457964252366771,
        0.7445636534946436
      ],
      "val_losses": [
        0.7809693153415408,
        0.7763669343931334,
        0.7832051179238728,
        0.7827023559382984,
        0.7688786204372133,
        0.7701497735721724,
        0.7699417904019356,
        0.7689476553882871,
        0.7675623112491199,
        0.7668480790087155,
        0.7688489058188029,
        0.7694281956979206
      ],
      "train_accs": [
        0.6505408397921812,
        0.6542032194872669,
        0.6606762626692786,
        0.6724299463418789,
        0.6705561706839281,
        0.672174431479431,
        0.6782216165573631,
        0.6835022570479516,
        0.6806064219402095,
        0.6790733327655225,
        0.6821395111148966,
        0.682991227323056
      ],
      "val_accs": [
        0.6588469184890656,
        0.6747514910536779,
        0.6282306163021869,
        0.6489065606361829,
        0.663220675944334,
        0.6763419483101392,
        0.6648111332007952,
        0.6640159045725647,
        0.6640159045725647,
        0.6699801192842942,
        0.6644135188866799,
        0.6640159045725647
      ],
      "lr_history": [
        0.000394,
        0.000394,
        0.000394,
        0.0001379,
        0.0001379,
        0.0001379,
        4.826499999999999e-05,
        4.826499999999999e-05,
        4.826499999999999e-05,
        4.826499999999999e-05,
        4.826499999999999e-05,
        1.6892749999999995e-05
      ]
    },
    "JellyfishNet": {
      "recall": 0.9466824644549763,
      "precision": 0.36517367458866545,
      "f1": 0.5270448548812665,
      "accuracy": 0.4302741358760429,
      "auc": 0.701877179514055,
      "threshold": 0.14,
      "val_best_recall": 0.9570917759237187,
      "val_best_f1": 0.0,
      "confusion_matrix": [
        [
          284,
          1389
        ],
        [
          45,
          799
        ]
      ],
      "train_losses": [
        0.7891339470745046,
        0.7690390879673396,
        0.7621915013191346,
        0.7567398502943526,
        0.75344897977791,
        0.7348785847197266,
        0.7258436463510826,
        0.7192613591096303,
        0.7049186409067414,
        0.6993000347617939,
        0.6973029665112678,
        0.6937478835513362
      ],
      "val_losses": [
        0.7888007628066199,
        0.7888476618698665,
        0.7760387903877667,
        0.781176299069609,
        0.7878081509045192,
        0.7742450330938612,
        0.7777051218918392,
        0.7890179253050259,
        0.780211457823004,
        0.773937090592725,
        0.7755390741995403,
        0.7776494228414127
      ],
      "train_accs": [
        0.6392981858444766,
        0.6546290775913466,
        0.6616983221190699,
        0.6699599693382166,
        0.6674048207137382,
        0.6879311813303807,
        0.6838429435312154,
        0.6930414785793374,
        0.7054765352184652,
        0.707350310876416,
        0.7066689379098884,
        0.7129716378502683
      ],
      "val_accs": [
        0.6540755467196819,
        0.6695825049701789,
        0.6612326043737574,
        0.6429423459244533,
        0.6628230616302186,
        0.6449304174950298,
        0.6644135188866799,
        0.6532803180914513,
        0.6699801192842942,
        0.6644135188866799,
        0.6628230616302186,
        0.6560636182902585
      ],
      "lr_history": [
        0.000394,
        0.000394,
        0.000394,
        0.000394,
        0.0001379,
        0.0001379,
        0.0001379,
        4.826499999999999e-05,
        4.826499999999999e-05,
        4.826499999999999e-05,
        4.826499999999999e-05,
        1.6892749999999995e-05
      ]
    }
  }
}