{
  "timestamp": "2026-04-06T14:58:58",
  "config": {
    "lookback_days": 22,
    "use_integrated_data": true,
    "weather_csv_path": "None",
    "include_live_xml": true,
    "batch_size": 18,
    "learning_rate": 0.00029,
    "dropout_prob": 0.09,
    "num_epochs": 12,
    "patience": 8,
    "hybrid_hidden_dim": 192,
    "model_names": [
      "GRU",
      "JellyfishNet"
    ],
    "scheduler_factor": 0.3,
    "scheduler_patience": 1,
    "grad_clip_norm": 1.0,
    "threshold_min": 0.1,
    "threshold_max": 0.9,
    "threshold_steps": 81,
    "threshold_min_precision": 0.4,
    "threshold_target_recall": 0.95,
    "positive_class_weight": 1.65,
    "threshold_selection_metric": "maximize_precision_then_f1_subject_to_target_recall",
    "n_features_per_day": 33
  },
  "results": {
    "GRU": {
      "recall": 0.9564691656590084,
      "precision": 0.3575949367088608,
      "f1": 0.5205659756498848,
      "accuracy": 0.41975308641975306,
      "auc": 0.6998046196221928,
      "threshold": 0.19,
      "val_best_recall": 0.9513064133016627,
      "val_best_f1": 0.0,
      "confusion_matrix": [
        [
          263,
          1421
        ],
        [
          36,
          791
        ]
      ],
      "train_losses": [
        0.7885416485197533,
        0.772502131130655,
        0.7673254607734592,
        0.7615562676010044,
        0.7581686300616111,
        0.7555521518312475,
        0.751478384167368,
        0.7459616719669278,
        0.7446142738132799,
        0.7410788652351192,
        0.7409165646714915,
        0.7390867895611237
      ],
      "val_losses": [
        0.795307331425803,
        0.7857321445431028,
        0.7782988869718143,
        0.7748138563973563,
        0.7730286368301936,
        0.7737973296216556,
        0.781631668976375,
        0.7717873615877969,
        0.7708695303116526,
        0.7727127315742629,
        0.7724006207925933,
        0.7706409279789244
      ],
      "train_accs": [
        0.6515837104072398,
        0.6595236062494664,
        0.665243746264834,
        0.6702808844873218,
        0.6764279006232391,
        0.6760010245026893,
        0.6821480406386067,
        0.6804405361564074,
        0.6830017928797063,
        0.6895756851361735,
        0.6874413045334244,
        0.6886365576709639
      ],
      "val_accs": [
        0.6450199203187251,
        0.6334661354581673,
        0.6621513944223107,
        0.6693227091633466,
        0.6677290836653387,
        0.6593625498007968,
        0.651792828685259,
        0.6649402390438247,
        0.6661354581673307,
        0.6645418326693228,
        0.6645418326693228,
        0.6709163346613546
      ],
      "lr_history": [
        0.00029,
        0.00029,
        0.00029,
        0.00029,
        0.00029,
        0.00029,
        8.7e-05,
        8.7e-05,
        8.7e-05,
        8.7e-05,
        2.61e-05,
        2.61e-05
      ]
    },
    "JellyfishNet": {
      "recall": 0.9637243047158404,
      "precision": 0.3514109347442681,
      "f1": 0.5150242326332796,
      "accuracy": 0.4022301871764237,
      "auc": 0.6974548133510643,
      "threshold": 0.21000000000000002,
      "val_best_recall": 0.9584323040380047,
      "val_best_f1": 0.0,
      "confusion_matrix": [
        [
          213,
          1471
        ],
        [
          30,
          797
        ]
      ],
      "train_losses": [
        0.7891391666345698,
        0.7693214262685468,
        0.7614957077254165,
        0.7554939925762182,
        0.7483514132129798,
        0.7290099139587121,
        0.7194635612624032,
        0.7077886756114696,
        0.7030194732725346,
        0.6980301769830848,
        0.697819292911553
      ],
      "val_losses": [
        0.7935089715889522,
        0.776601063140801,
        0.7678427562117577,
        0.7748291388154029,
        0.7729366557938712,
        0.767968327658517,
        0.7767005420156887,
        0.7731935873627662,
        0.7764806549463953,
        0.7772508529680116,
        0.7780466156346457
      ],
      "train_accs": [
        0.6540595919064287,
        0.6654144967130539,
        0.6672073764193631,
        0.6742081447963801,
        0.6780500298813285,
        0.6910270639460429,
        0.6970033296337403,
        0.7103218645948945,
        0.707162981302826,
        0.7112609920601042,
        0.7149321266968326
      ],
      "val_accs": [
        0.5784860557768924,
        0.6330677290836654,
        0.6585657370517928,
        0.6617529880478088,
        0.6549800796812749,
        0.6721115537848605,
        0.6681274900398406,
        0.6629482071713148,
        0.6637450199203188,
        0.6637450199203188,
        0.6617529880478088
      ],
      "lr_history": [
        0.00029,
        0.00029,
        0.00029,
        0.00029,
        8.7e-05,
        8.7e-05,
        2.61e-05,
        2.61e-05,
        7.83e-06,
        7.83e-06,
        2.349e-06
      ]
    }
  }
}