{
  "timestamp": "2026-04-06T11:02:30",
  "config": {
    "lookback_days": 18,
    "use_integrated_data": true,
    "weather_csv_path": "None",
    "include_live_xml": true,
    "batch_size": 20,
    "learning_rate": 0.001,
    "dropout_prob": 0.07,
    "num_epochs": 12,
    "patience": 8,
    "hybrid_hidden_dim": 160,
    "model_names": [
      "GRU",
      "JellyfishNet"
    ],
    "scheduler_factor": 0.35,
    "scheduler_patience": 1,
    "grad_clip_norm": 1.0,
    "threshold_min": 0.1,
    "threshold_max": 0.9,
    "threshold_steps": 81,
    "threshold_min_precision": 0.4,
    "threshold_target_recall": 0.95,
    "positive_class_weight": 1.71,
    "threshold_selection_metric": "maximize_precision_then_f1_subject_to_target_recall",
    "n_features_per_day": 33
  },
  "results": {
    "GRU": {
      "recall": 0.9736526946107784,
      "precision": 0.3575197889182058,
      "f1": 0.5229977484721775,
      "accuracy": 0.41220768925881884,
      "auc": 0.7204426455146579,
      "threshold": 0.2,
      "val_best_recall": 0.9603365384615384,
      "val_best_f1": 0.0,
      "confusion_matrix": [
        [
          227,
          1461
        ],
        [
          22,
          813
        ]
      ],
      "train_losses": [
        0.8022767767335441,
        0.7868076903913138,
        0.7808910657371851,
        0.7740046825190351,
        0.7664535688220544,
        0.7598511894915019,
        0.7507869480826049,
        0.7413257108479485,
        0.7162164711790295,
        0.7065664481226172,
        0.6920132417427866,
        0.6881889575912107
      ],
      "val_losses": [
        0.7903943643795224,
        0.7891513639547694,
        0.7807823142667455,
        0.7913901956062618,
        0.7786783979633661,
        0.7731369672797797,
        0.7859483417563551,
        0.7776659809228942,
        0.7735685692058774,
        0.7772302125382611,
        0.7811059271256755,
        0.7816684476033909
      ],
      "train_accs": [
        0.6384569632084289,
        0.6544311326365877,
        0.6610587135695472,
        0.6679412014614665,
        0.675418472257626,
        0.6789022006967457,
        0.6853598436570651,
        0.6907128897952247,
        0.7059223383465035,
        0.7083864389497834,
        0.7199422210893024,
        0.7217265698020222
      ],
      "val_accs": [
        0.6362554541848473,
        0.631892106307021,
        0.6632288774295915,
        0.6310987703292344,
        0.6576755255850852,
        0.6683855612852043,
        0.6334787782625942,
        0.6529155097183658,
        0.660055533518445,
        0.6707655692185641,
        0.6731455771519238,
        0.6727489091630305
      ],
      "lr_history": [
        0.001,
        0.001,
        0.001,
        0.001,
        0.001,
        0.001,
        0.001,
        0.00035,
        0.00035,
        0.0001225,
        0.0001225,
        4.2875e-05
      ]
    },
    "JellyfishNet": {
      "recall": 0.9844311377245509,
      "precision": 0.3463969658659924,
      "f1": 0.5124688279301746,
      "accuracy": 0.3801030519223147,
      "auc": 0.7049532451684308,
      "threshold": 0.23,
      "val_best_recall": 0.9723557692307693,
      "val_best_f1": 0.0,
      "confusion_matrix": [
        [
          137,
          1551
        ],
        [
          13,
          822
        ]
      ],
      "train_losses": [
        0.813552898441794,
        0.7941536834061854,
        0.7848935692439865,
        0.779928766709637,
        0.7726661178373522,
        0.7634919463373809,
        0.7480039617302867,
        0.701745375510185,
        0.6569761020117179,
        0.5819071960368262,
        0.5450006732764592,
        0.5086622065872409
      ],
      "val_losses": [
        0.7989895808415151,
        0.7950999595987516,
        0.7998905402468884,
        0.7896406814807982,
        0.7822270501317001,
        0.7924183902778025,
        0.8192579408330242,
        0.814820137549573,
        0.8621463217134551,
        0.9330359666835605,
        1.0163794115303069,
        1.049283643172482
      ],
      "train_accs": [
        0.6236723595887501,
        0.6485682725805081,
        0.6569802022261875,
        0.6593593338431473,
        0.6677712634888265,
        0.6769479140113859,
        0.687993882232985,
        0.7224912906789022,
        0.7509559010960999,
        0.7895318208853769,
        0.8039765485597756,
        0.8221599116322542
      ],
      "val_accs": [
        0.6525188417294724,
        0.6537088456961523,
        0.6648155493851646,
        0.6402221340737803,
        0.6580721935739786,
        0.6069020230067433,
        0.6656088853629513,
        0.6636255454184847,
        0.6521221737405791,
        0.6370487901626338,
        0.6461721539071796,
        0.6422054740182467
      ],
      "lr_history": [
        0.001,
        0.001,
        0.001,
        0.001,
        0.001,
        0.001,
        0.00035,
        0.00035,
        0.0001225,
        0.0001225,
        4.2875e-05,
        4.2875e-05
      ]
    }
  }
}