{
  "timestamp": "2026-04-06T11:34:21",
  "config": {
    "lookback_days": 19,
    "use_integrated_data": true,
    "weather_csv_path": "None",
    "include_live_xml": true,
    "batch_size": 12,
    "learning_rate": 0.000445,
    "dropout_prob": 0.12,
    "num_epochs": 12,
    "patience": 8,
    "hybrid_hidden_dim": 192,
    "model_names": [
      "GRU",
      "JellyfishNet"
    ],
    "scheduler_factor": 0.35,
    "scheduler_patience": 1,
    "grad_clip_norm": 1.0,
    "threshold_min": 0.1,
    "threshold_max": 0.9,
    "threshold_steps": 81,
    "threshold_min_precision": 0.4,
    "threshold_target_recall": 0.95,
    "positive_class_weight": 1.73,
    "threshold_selection_metric": "maximize_precision_then_f1_subject_to_target_recall",
    "n_features_per_day": 33
  },
  "results": {
    "GRU": {
      "recall": 0.9563679245283019,
      "precision": 0.36515083295812695,
      "f1": 0.5285109156076897,
      "accuracy": 0.4257936507936508,
      "auc": 0.69560413751467,
      "threshold": 0.18,
      "val_best_recall": 0.9568862275449102,
      "val_best_f1": 0.0,
      "confusion_matrix": [
        [
          262,
          1410
        ],
        [
          37,
          811
        ]
      ],
      "train_losses": [
        0.8033556170305427,
        0.7868514213330892,
        0.7812411393438067,
        0.7749510900402555,
        0.7668417760608147,
        0.763597806497496,
        0.7603318891659074,
        0.7586972325127952,
        0.7572708715285573,
        0.7526598226659152,
        0.7512426408577938,
        0.7492259352486961
      ],
      "val_losses": [
        0.8030688280151004,
        0.7955917595397859,
        0.7959757062650862,
        0.8038632224003474,
        0.7968666952280771,
        0.7953919678926468,
        0.7946882118781408,
        0.7967337138596036,
        0.7964076080492565,
        0.7972233912774495,
        0.7961105687277658,
        0.7976081315960203
      ],
      "train_accs": [
        0.6423649510846449,
        0.6586133560187154,
        0.6661846022968949,
        0.6673755848575075,
        0.6772437260740111,
        0.6802211824755423,
        0.6863462356444067,
        0.6824330072309656,
        0.6865163760102084,
        0.6909400255210548,
        0.6933219906422798,
        0.6917907273500637
      ],
      "val_accs": [
        0.6525019857029388,
        0.6600476568705321,
        0.6544876886417792,
        0.653693407466243,
        0.6632247815726767,
        0.659650516282764,
        0.6572676727561557,
        0.659650516282764,
        0.6671961874503575,
        0.6560762509928515,
        0.6584590945194599,
        0.6584590945194599
      ],
      "lr_history": [
        0.000445,
        0.000445,
        0.000445,
        0.00015575,
        0.00015575,
        0.00015575,
        0.00015575,
        0.00015575,
        5.451249999999999e-05,
        5.451249999999999e-05,
        1.9079374999999994e-05,
        1.9079374999999994e-05
      ]
    },
    "JellyfishNet": {
      "recall": 0.9528301886792453,
      "precision": 0.36594202898550726,
      "f1": 0.5287958115183247,
      "accuracy": 0.42857142857142855,
      "auc": 0.6897872562516927,
      "threshold": 0.19,
      "val_best_recall": 0.9544910179640719,
      "val_best_f1": 0.0,
      "confusion_matrix": [
        [
          272,
          1400
        ],
        [
          40,
          808
        ]
      ],
      "train_losses": [
        0.8101631068149392,
        0.790061559391265,
        0.7832643847988576,
        0.7748716391166862,
        0.7684673465028101,
        0.7567757385117667,
        0.746219989140423,
        0.702305585130745,
        0.6821338417882822,
        0.6426467784509367,
        0.6338777134613115,
        0.6124189587652075
      ],
      "val_losses": [
        0.8078063828604561,
        0.803624844834918,
        0.806740136941274,
        0.7981066485246022,
        0.7940174385195686,
        0.8132366478443146,
        0.8082108030716578,
        0.8377133979683831,
        0.8502636299246833,
        0.8857516793977647,
        0.9199735501692409,
        0.9335241047399384
      ],
      "train_accs": [
        0.6383666524883028,
        0.6564015312632923,
        0.6592939174819226,
        0.6676307954062102,
        0.6685665674181199,
        0.6834538494257762,
        0.6849000425350914,
        0.7128881327094854,
        0.7253083794130157,
        0.7508294342832837,
        0.753721820501914,
        0.7628243300723097
      ],
      "val_accs": [
        0.6223193010325655,
        0.6624305003971406,
        0.6425734710087371,
        0.6322478157267672,
        0.6636219221604448,
        0.6568705321683876,
        0.6711675933280381,
        0.6342335186656076,
        0.6552819698173153,
        0.6489277204130263,
        0.6588562351072279,
        0.6540905480540111
      ],
      "lr_history": [
        0.000445,
        0.000445,
        0.000445,
        0.000445,
        0.000445,
        0.000445,
        0.00015575,
        0.00015575,
        5.451249999999999e-05,
        5.451249999999999e-05,
        1.9079374999999994e-05,
        1.9079374999999994e-05
      ]
    }
  }
}