{
  "timestamp": "2026-04-06T06:00:58",
  "config": {
    "lookback_days": 21,
    "use_integrated_data": true,
    "weather_csv_path": "None",
    "include_live_xml": true,
    "batch_size": 17,
    "learning_rate": 0.001,
    "dropout_prob": 0.09,
    "num_epochs": 12,
    "patience": 8,
    "hybrid_hidden_dim": 128,
    "model_names": [
      "GRU",
      "JellyfishNet"
    ],
    "scheduler_factor": 0.2,
    "scheduler_patience": 1,
    "grad_clip_norm": 1.0,
    "threshold_min": 0.1,
    "threshold_max": 0.9,
    "threshold_steps": 81,
    "threshold_min_precision": 0.4,
    "threshold_target_recall": 0.95,
    "positive_class_weight": 1.65,
    "threshold_selection_metric": "maximize_precision_then_f1_subject_to_target_recall",
    "n_features_per_day": 33
  },
  "results": {
    "GRU": {
      "recall": 0.9614485981308412,
      "precision": 0.36610320284697506,
      "f1": 0.5302835051546391,
      "accuracy": 0.4200477326968974,
      "auc": 0.7069035855608041,
      "threshold": 0.14,
      "val_best_recall": 0.9605911330049262,
      "val_best_f1": 0.0,
      "confusion_matrix": [
        [
          233,
          1425
        ],
        [
          33,
          823
        ]
      ],
      "train_losses": [
        0.784469201642534,
        0.7736394671426303,
        0.7683457971914954,
        0.7621082228163014,
        0.7525112625481426,
        0.7475164562895678,
        0.7375390484713126,
        0.7238724277503249,
        0.692457923033963,
        0.6803278479455174,
        0.6746726741393407,
        0.6649383753322173
      ],
      "val_losses": [
        0.7856892862835446,
        0.7673976509957701,
        0.7623590726304699,
        0.7602621665274775,
        0.7588393982197787,
        0.7578331791871303,
        0.7640750947836283,
        0.7588022218362706,
        0.7573007997628804,
        0.7820904901301539,
        0.7875610422846433,
        0.7861357528615642
      ],
      "train_accs": [
        0.6455188880361559,
        0.6464568943463801,
        0.6526818453142321,
        0.6644495608425002,
        0.6686279525880446,
        0.6755350899633324,
        0.6814189477274666,
        0.6890082715101902,
        0.7194508399420142,
        0.7235439583866291,
        0.7249936045024303,
        0.734203121002814
      ],
      "val_accs": [
        0.6234076433121019,
        0.6504777070063694,
        0.6819267515923567,
        0.6743630573248408,
        0.6552547770700637,
        0.6751592356687898,
        0.6687898089171974,
        0.6747611464968153,
        0.6739649681528662,
        0.6727707006369427,
        0.6711783439490446,
        0.669984076433121
      ],
      "lr_history": [
        0.001,
        0.001,
        0.001,
        0.001,
        0.001,
        0.001,
        0.001,
        0.0002,
        0.0002,
        0.0002,
        4e-05,
        4e-05
      ]
    },
    "JellyfishNet": {
      "recall": 0.9661214953271028,
      "precision": 0.35831889081455803,
      "f1": 0.52275600505689,
      "accuracy": 0.39936356404136836,
      "auc": 0.6993622679052569,
      "threshold": 0.21000000000000002,
      "val_best_recall": 0.9667487684729064,
      "val_best_f1": 0.0,
      "confusion_matrix": [
        [
          177,
          1481
        ],
        [
          29,
          827
        ]
      ],
      "train_losses": [
        0.7947775637326033,
        0.776765273446622,
        0.7687531818946203,
        0.7606474515320598,
        0.7501824024362841,
        0.7221662770146909,
        0.7056665621805882,
        0.6838387102320574,
        0.6790121053008066,
        0.6743999361559965,
        0.672039335836535
      ],
      "val_losses": [
        0.7844573650005702,
        0.7774402229367076,
        0.7713054555493433,
        0.772017982159112,
        0.7787497579245954,
        0.7843044843222644,
        0.7895947433001286,
        0.7992063750689095,
        0.8087379014169848,
        0.8098971024155617,
        0.8110862265567522
      ],
      "train_accs": [
        0.6283789545493306,
        0.6447514283277905,
        0.649100366675194,
        0.6609533555043916,
        0.6670930331713141,
        0.6925044768482987,
        0.7043574656774964,
        0.7164662744094824,
        0.720303572951309,
        0.7247377845996419,
        0.7246525112987123
      ],
      "val_accs": [
        0.6329617834394905,
        0.6377388535031847,
        0.6281847133757962,
        0.6922770700636943,
        0.6664012738853503,
        0.6679936305732485,
        0.6560509554140127,
        0.6636146496815286,
        0.6632165605095541,
        0.6644108280254777,
        0.6644108280254777
      ],
      "lr_history": [
        0.001,
        0.001,
        0.001,
        0.001,
        0.0002,
        0.0002,
        4e-05,
        4e-05,
        8.000000000000001e-06,
        8.000000000000001e-06,
        1.6000000000000004e-06
      ]
    }
  }
}