{
  "timestamp": "2026-04-06T09:42:08",
  "config": {
    "lookback_days": 28,
    "use_integrated_data": true,
    "weather_csv_path": "None",
    "include_live_xml": true,
    "batch_size": 20,
    "learning_rate": 0.000667,
    "dropout_prob": 0.15,
    "num_epochs": 12,
    "patience": 8,
    "hybrid_hidden_dim": 192,
    "model_names": [
      "GRU",
      "JellyfishNet"
    ],
    "scheduler_factor": 0.3,
    "scheduler_patience": 1,
    "grad_clip_norm": 1.0,
    "threshold_min": 0.1,
    "threshold_max": 0.9,
    "threshold_steps": 81,
    "threshold_min_precision": 0.4,
    "threshold_target_recall": 0.95,
    "positive_class_weight": 1.67,
    "threshold_selection_metric": "maximize_precision_then_f1_subject_to_target_recall",
    "n_features_per_day": 33
  },
  "results": {
    "GRU": {
      "recall": 0.9593596059113301,
      "precision": 0.3510590356016223,
      "f1": 0.514021774991752,
      "accuracy": 0.4091456077015644,
      "auc": 0.7162872205437182,
      "threshold": 0.14,
      "val_best_recall": 0.9506024096385542,
      "val_best_f1": 0.0,
      "confusion_matrix": [
        [
          241,
          1440
        ],
        [
          33,
          779
        ]
      ],
      "train_losses": [
        0.7937900740973318,
        0.7761510576271929,
        0.7689955342061741,
        0.7632279581425526,
        0.7582066083179716,
        0.7525135368313577,
        0.7493150342268633,
        0.7424212509311762,
        0.7374617458413967,
        0.7214177772146729,
        0.7165672015078699,
        0.712632465045067
      ],
      "val_losses": [
        0.7758967518806458,
        0.772473207950592,
        0.7654527010917663,
        0.7660128946304321,
        0.7649046270847321,
        0.7678115217685699,
        0.7599542698860169,
        0.7653258690834045,
        0.7683199489116669,
        0.7590462327003479,
        0.7612417898178101,
        0.761014630317688
      ],
      "train_accs": [
        0.6301358088361698,
        0.660220044696579,
        0.6590166752621627,
        0.670362729929517,
        0.6728554237579508,
        0.6793020457280385,
        0.6810211449200619,
        0.6823104693140795,
        0.6860065325769297,
        0.6979542719614922,
        0.7032834794567646,
        0.7031115695375623
      ],
      "val_accs": [
        0.6726835138387485,
        0.6726835138387485,
        0.6742880064179703,
        0.6638588046530285,
        0.677496991576414,
        0.6766947452868031,
        0.6702767749699158,
        0.6758924989971922,
        0.6787003610108303,
        0.6803048535900521,
        0.6770958684316085,
        0.681107099879663
      ],
      "lr_history": [
        0.000667,
        0.000667,
        0.000667,
        0.000667,
        0.000667,
        0.000667,
        0.000667,
        0.000667,
        0.00020009999999999998,
        0.00020009999999999998,
        0.00020009999999999998,
        6.002999999999999e-05
      ]
    },
    "JellyfishNet": {
      "recall": 0.9827586206896551,
      "precision": 0.3408799658265698,
      "f1": 0.5061845861084681,
      "accuracy": 0.37545126353790614,
      "auc": 0.6957417441529936,
      "threshold": 0.24000000000000002,
      "val_best_recall": 0.9722891566265061,
      "val_best_f1": 0.0,
      "confusion_matrix": [
        [
          138,
          1543
        ],
        [
          14,
          798
        ]
      ],
      "train_losses": [
        0.7944681142101583,
        0.7777880001621148,
        0.7701269500341612,
        0.7632279776523203,
        0.7560444470123737,
        0.7339516196566349,
        0.7159712377590003,
        0.6917854348818461,
        0.6805666243702275,
        0.6697114524767571,
        0.668458414292827
      ],
      "val_losses": [
        0.786942141532898,
        0.7732144131660461,
        0.7669348845481873,
        0.7871393229961395,
        0.772979245185852,
        0.7800756926536561,
        0.7827593548297882,
        0.8098039212226867,
        0.8139554169178009,
        0.8176123030185699,
        0.8183108077049256
      ],
      "train_accs": [
        0.6260099707753137,
        0.6487020801100224,
        0.6522262334536703,
        0.6632284682826199,
        0.666838576585869,
        0.6795599106068421,
        0.6965789926078735,
        0.7068076328004126,
        0.7150593089221248,
        0.7254598590338662,
        0.7232250300842359
      ],
      "val_accs": [
        0.6670677898114721,
        0.641395908543923,
        0.6799037304452467,
        0.6787003610108303,
        0.6610509426393902,
        0.668672282390694,
        0.631768953068592,
        0.6654632972322503,
        0.6582430806257521,
        0.6586442037705575,
        0.6550340954673085
      ],
      "lr_history": [
        0.000667,
        0.000667,
        0.000667,
        0.000667,
        0.00020009999999999998,
        0.00020009999999999998,
        6.002999999999999e-05,
        6.002999999999999e-05,
        1.8008999999999996e-05,
        1.8008999999999996e-05,
        5.402699999999999e-06
      ]
    }
  }
}