{
  "timestamp": "2026-04-06T10:46:00",
  "config": {
    "lookback_days": 22,
    "use_integrated_data": true,
    "weather_csv_path": "None",
    "include_live_xml": true,
    "batch_size": 13,
    "learning_rate": 0.000364,
    "dropout_prob": 0.05,
    "num_epochs": 12,
    "patience": 8,
    "hybrid_hidden_dim": 160,
    "model_names": [
      "GRU",
      "JellyfishNet"
    ],
    "scheduler_factor": 0.25,
    "scheduler_patience": 1,
    "grad_clip_norm": 1.0,
    "threshold_min": 0.1,
    "threshold_max": 0.9,
    "threshold_steps": 81,
    "threshold_min_precision": 0.4,
    "threshold_target_recall": 0.95,
    "positive_class_weight": 1.51,
    "threshold_selection_metric": "maximize_precision_then_f1_subject_to_target_recall",
    "n_features_per_day": 33
  },
  "results": {
    "GRU": {
      "recall": 0.9516324062877872,
      "precision": 0.3562698053417836,
      "f1": 0.5184453227931488,
      "accuracy": 0.41776184786937476,
      "auc": 0.7069247659887353,
      "threshold": 0.16,
      "val_best_recall": 0.9501187648456056,
      "val_best_f1": 0.0,
      "confusion_matrix": [
        [
          262,
          1422
        ],
        [
          40,
          787
        ]
      ],
      "train_losses": [
        0.7543123390910099,
        0.7352471241808096,
        0.7302705189099454,
        0.7262800186376328,
        0.7205517539107442,
        0.7186652420628217,
        0.7138196586834868,
        0.7114677519830033,
        0.7007627551682649,
        0.6991495960759005,
        0.6958305360739028,
        0.6949393172706007
      ],
      "val_losses": [
        0.7432113426555064,
        0.7366753480176336,
        0.7393545410067764,
        0.734927999911849,
        0.7364058597493417,
        0.7300646702960595,
        0.735318070834445,
        0.730052382829263,
        0.7306443723206667,
        0.7299938045211674,
        0.729973245220086,
        0.730774857334255
      ],
      "train_accs": [
        0.6620848629727653,
        0.6740373943481601,
        0.6783061555536584,
        0.6789891573465381,
        0.6850507982583455,
        0.6869290531887646,
        0.6895756851361735,
        0.6928199436523521,
        0.6987962093400495,
        0.7022112183044481,
        0.7034918466660975,
        0.7083582344403654
      ],
      "val_accs": [
        0.6756972111553785,
        0.6784860557768925,
        0.6705179282868526,
        0.6784860557768925,
        0.6796812749003984,
        0.6685258964143427,
        0.6752988047808764,
        0.6768924302788845,
        0.6729083665338645,
        0.6725099601593626,
        0.6733067729083665,
        0.6721115537848605
      ],
      "lr_history": [
        0.000364,
        0.000364,
        0.000364,
        0.000364,
        0.000364,
        0.000364,
        0.000364,
        9.1e-05,
        9.1e-05,
        2.275e-05,
        2.275e-05,
        2.275e-05
      ]
    },
    "JellyfishNet": {
      "recall": 0.9613059250302297,
      "precision": 0.35223748338502436,
      "f1": 0.5155642023346303,
      "accuracy": 0.4050179211469534,
      "auc": 0.6992685981152722,
      "threshold": 0.2,
      "val_best_recall": 0.9536817102137767,
      "val_best_f1": 0.0,
      "confusion_matrix": [
        [
          222,
          1462
        ],
        [
          32,
          795
        ]
      ],
      "train_losses": [
        0.7520056161843447,
        0.7325216941907589,
        0.7225788390464444,
        0.7184525010125354,
        0.7093288748960251,
        0.6812335537554289,
        0.6705522373500595,
        0.6556383437837797,
        0.6508328553772925,
        0.6477018504772546,
        0.6448745672796727
      ],
      "val_losses": [
        0.7471702106527447,
        0.7407973156761878,
        0.7313511658882358,
        0.7479047922743964,
        0.7330558263149458,
        0.7407930815957257,
        0.743551101727584,
        0.7503370883845791,
        0.7601974979811108,
        0.7569601938282091,
        0.7579612527618703
      ],
      "train_accs": [
        0.6586698540083668,
        0.6782207803295484,
        0.6781354051054383,
        0.6825749167591565,
        0.6912831896183728,
        0.7155297532656023,
        0.7199692649193205,
        0.7315802953982754,
        0.7311534192777256,
        0.7355075557073337,
        0.7352514300350038
      ],
      "val_accs": [
        0.6254980079681275,
        0.6589641434262948,
        0.6872509960159362,
        0.6685258964143427,
        0.6828685258964143,
        0.6633466135458167,
        0.6733067729083665,
        0.6729083665338645,
        0.6721115537848605,
        0.6713147410358565,
        0.6713147410358565
      ],
      "lr_history": [
        0.000364,
        0.000364,
        0.000364,
        0.000364,
        9.1e-05,
        9.1e-05,
        2.275e-05,
        2.275e-05,
        5.6875e-06,
        5.6875e-06,
        1.421875e-06
      ]
    }
  }
}