{
  "timestamp": "2026-04-06T10:55:14",
  "config": {
    "lookback_days": 15,
    "use_integrated_data": true,
    "weather_csv_path": "None",
    "include_live_xml": true,
    "batch_size": 19,
    "learning_rate": 0.000833,
    "dropout_prob": 0.09,
    "num_epochs": 12,
    "patience": 8,
    "hybrid_hidden_dim": 224,
    "model_names": [
      "GRU",
      "JellyfishNet"
    ],
    "scheduler_factor": 0.25,
    "scheduler_patience": 1,
    "grad_clip_norm": 1.0,
    "threshold_min": 0.1,
    "threshold_max": 0.9,
    "threshold_steps": 81,
    "threshold_min_precision": 0.4,
    "threshold_target_recall": 0.95,
    "positive_class_weight": 1.53,
    "threshold_selection_metric": "maximize_precision_then_f1_subject_to_target_recall",
    "n_features_per_day": 33
  },
  "results": {
    "GRU": {
      "recall": 0.9670731707317073,
      "precision": 0.3501103752759382,
      "f1": 0.5141004862236629,
      "accuracy": 0.4079778830963665,
      "auc": 0.7104424293366765,
      "threshold": 0.21000000000000002,
      "val_best_recall": 0.9512195121951219,
      "val_best_f1": 0.0,
      "confusion_matrix": [
        [
          240,
          1472
        ],
        [
          27,
          793
        ]
      ],
      "train_losses": [
        0.7618359216156496,
        0.7469032602773985,
        0.739090764541718,
        0.7328796034073907,
        0.7313793153049861,
        0.7235108622592362,
        0.7175758281704697,
        0.7104838700348158,
        0.6948314007742995,
        0.6859027349009774,
        0.6791786676051149,
        0.676561063269327
      ],
      "val_losses": [
        0.7523597385456313,
        0.7434016955432607,
        0.7430654217058154,
        0.7442283559201369,
        0.7389547328895597,
        0.7357302174639346,
        0.7374938461762756,
        0.740163516420037,
        0.7376509515652016,
        0.739353578926912,
        0.7408549227376482,
        0.744090215928519
      ],
      "train_accs": [
        0.6370332740665481,
        0.6577766488866311,
        0.6634493268986538,
        0.6675133350266701,
        0.6704766742866819,
        0.6751333502667005,
        0.6807213614427229,
        0.6838540343747355,
        0.6972313944627889,
        0.7046820760308188,
        0.7065447464228262,
        0.709000084666836
      ],
      "val_accs": [
        0.6569169960474308,
        0.6533596837944664,
        0.6644268774703558,
        0.6569169960474308,
        0.6628458498023715,
        0.6719367588932806,
        0.6715415019762846,
        0.6699604743083004,
        0.6679841897233202,
        0.6691699604743083,
        0.6727272727272727,
        0.6687747035573123
      ],
      "lr_history": [
        0.000833,
        0.000833,
        0.000833,
        0.000833,
        0.000833,
        0.000833,
        0.000833,
        0.00020825,
        0.00020825,
        5.20625e-05,
        5.20625e-05,
        1.3015625e-05
      ]
    },
    "JellyfishNet": {
      "recall": 0.9621951219512195,
      "precision": 0.34865223155103847,
      "f1": 0.5118391177424586,
      "accuracy": 0.405608214849921,
      "auc": 0.7075215124230682,
      "threshold": 0.18,
      "val_best_recall": 0.9570267131242741,
      "val_best_f1": 0.0,
      "confusion_matrix": [
        [
          238,
          1474
        ],
        [
          31,
          789
        ]
      ],
      "train_losses": [
        0.764943788960049,
        0.7490260996331739,
        0.7424647699310849,
        0.7223820939803813,
        0.7124006238876815,
        0.7027210771941679,
        0.6807264915137429,
        0.6722828780818982,
        0.6601054012967076,
        0.6574432450762899,
        0.6536976623190177,
        0.652619396614875
      ],
      "val_losses": [
        0.7531190407809927,
        0.7626094317703105,
        0.7569828642838037,
        0.7456082230183616,
        0.7500451267210405,
        0.7632822832509653,
        0.7682893538652961,
        0.7726319828140202,
        0.7735746307159538,
        0.7778239881814416,
        0.7799969075331047,
        0.7801810193862488
      ],
      "train_accs": [
        0.6499026331385996,
        0.6615866565066464,
        0.6676826686986708,
        0.6813140292947253,
        0.6885107103547541,
        0.691728050122767,
        0.7110320887308441,
        0.7186521039708746,
        0.7290661247989163,
        0.7305901278469223,
        0.7277961222589112,
        0.7333841334349336
      ],
      "val_accs": [
        0.66600790513834,
        0.6758893280632411,
        0.6699604743083004,
        0.6612648221343873,
        0.6691699604743083,
        0.6561264822134387,
        0.6616600790513834,
        0.6600790513833992,
        0.6549407114624506,
        0.6553359683794466,
        0.6549407114624506,
        0.6549407114624506
      ],
      "lr_history": [
        0.000833,
        0.000833,
        0.00020825,
        0.00020825,
        0.00020825,
        5.20625e-05,
        5.20625e-05,
        1.3015625e-05,
        1.3015625e-05,
        3.25390625e-06,
        3.25390625e-06,
        8.134765625e-07
      ]
    }
  }
}