{
  "timestamp": "2026-04-06T15:01:41",
  "config": {
    "lookback_days": 24,
    "use_integrated_data": true,
    "weather_csv_path": "None",
    "include_live_xml": true,
    "batch_size": 17,
    "learning_rate": 0.000707,
    "dropout_prob": 0.14,
    "num_epochs": 12,
    "patience": 8,
    "hybrid_hidden_dim": 160,
    "model_names": [
      "GRU",
      "JellyfishNet"
    ],
    "scheduler_factor": 0.35,
    "scheduler_patience": 1,
    "grad_clip_norm": 1.0,
    "threshold_min": 0.1,
    "threshold_max": 0.9,
    "threshold_steps": 81,
    "threshold_min_precision": 0.4,
    "threshold_target_recall": 0.95,
    "positive_class_weight": 1.73,
    "threshold_selection_metric": "maximize_precision_then_f1_subject_to_target_recall",
    "n_features_per_day": 33
  },
  "results": {
    "GRU": {
      "recall": 0.9672131147540983,
      "precision": 0.36678507992895204,
      "f1": 0.531873792659369,
      "accuracy": 0.41956087824351296,
      "auc": 0.7119076225181815,
      "threshold": 0.19,
      "val_best_recall": 0.9581218274111675,
      "val_best_f1": 0.0,
      "confusion_matrix": [
        [
          225,
          1426
        ],
        [
          28,
          826
        ]
      ],
      "train_losses": [
        0.8071951759589273,
        0.7927402805450351,
        0.7869451144320327,
        0.7806649516055058,
        0.7759013044279676,
        0.7693961274398621,
        0.7638952295014332,
        0.7584218522750361,
        0.7465954229755457,
        0.7408697273322317,
        0.7181477752016034,
        0.7098217619539693
      ],
      "val_losses": [
        0.7949071143930023,
        0.7840809667029897,
        0.7818848653822332,
        0.783922557895248,
        0.7788942057538677,
        0.774728186831281,
        0.778515842315313,
        0.7743248794529889,
        0.7796359634077227,
        0.7799425153313456,
        0.7782545198459883,
        0.7886180529320562
      ],
      "train_accs": [
        0.6436211174809617,
        0.6524343287413366,
        0.6556002395824421,
        0.6598784974758278,
        0.6692906648412766,
        0.6720287498930435,
        0.6803285702062121,
        0.6819543082056987,
        0.689997433045264,
        0.6959869940960041,
        0.7113031573543254,
        0.7166937622999915
      ],
      "val_accs": [
        0.6429712460063898,
        0.6725239616613419,
        0.6649361022364217,
        0.6669329073482428,
        0.6661341853035144,
        0.6797124600638977,
        0.6621405750798722,
        0.6645367412140575,
        0.6609424920127795,
        0.6725239616613419,
        0.6641373801916933,
        0.6733226837060703
      ],
      "lr_history": [
        0.000707,
        0.000707,
        0.000707,
        0.000707,
        0.000707,
        0.000707,
        0.000707,
        0.000707,
        0.000707,
        0.00024744999999999997,
        0.00024744999999999997,
        8.660749999999999e-05
      ]
    },
    "JellyfishNet": {
      "recall": 0.9648711943793911,
      "precision": 0.37301946582163875,
      "f1": 0.5380346065948416,
      "accuracy": 0.4351297405189621,
      "auc": 0.7089975985032135,
      "threshold": 0.2,
      "val_best_recall": 0.9530456852791879,
      "val_best_f1": 0.0,
      "confusion_matrix": [
        [
          266,
          1385
        ],
        [
          30,
          824
        ]
      ],
      "train_losses": [
        0.8142901325468407,
        0.7949789334954911,
        0.7860194749177195,
        0.779841318769857,
        0.7710986496057621,
        0.7623698715726996,
        0.7513301787508089,
        0.7324100815539443,
        0.6794500799719677,
        0.6439010112568043,
        0.5913411544982431,
        0.5737138431909126
      ],
      "val_losses": [
        0.7858703160608137,
        0.7939671773362804,
        0.7828526919757998,
        0.7822152311737472,
        0.7806516724663812,
        0.7801653795145653,
        0.7885101675181776,
        0.7876319911431622,
        0.8227809280962557,
        0.8686071728935113,
        0.9012607817311544,
        0.9297259168044941
      ],
      "train_accs": [
        0.6277915632754343,
        0.6502951997946437,
        0.6551724137931034,
        0.667065970736716,
        0.6706597073671601,
        0.6788739625224609,
        0.6896551724137931,
        0.7042868144091726,
        0.7389407033455977,
        0.7614443398648071,
        0.7845469324890905,
        0.7961837939590999
      ],
      "val_accs": [
        0.6561501597444089,
        0.6761182108626198,
        0.6425718849840255,
        0.6569488817891374,
        0.646964856230032,
        0.6621405750798722,
        0.6669329073482428,
        0.674520766773163,
        0.6521565495207667,
        0.6565495207667732,
        0.6533546325878594,
        0.6553514376996805
      ],
      "lr_history": [
        0.000707,
        0.000707,
        0.000707,
        0.000707,
        0.000707,
        0.000707,
        0.000707,
        0.00024744999999999997,
        0.00024744999999999997,
        8.660749999999999e-05,
        8.660749999999999e-05,
        3.0312624999999993e-05
      ]
    }
  }
}