{
  "timestamp": "2026-04-06T15:07:05",
  "config": {
    "lookback_days": 24,
    "use_integrated_data": true,
    "weather_csv_path": "None",
    "include_live_xml": true,
    "batch_size": 15,
    "learning_rate": 0.000381,
    "dropout_prob": 0.12,
    "num_epochs": 12,
    "patience": 8,
    "hybrid_hidden_dim": 128,
    "model_names": [
      "GRU",
      "JellyfishNet"
    ],
    "scheduler_factor": 0.2,
    "scheduler_patience": 1,
    "grad_clip_norm": 1.0,
    "threshold_min": 0.1,
    "threshold_max": 0.9,
    "threshold_steps": 81,
    "threshold_min_precision": 0.4,
    "threshold_target_recall": 0.95,
    "positive_class_weight": 1.21,
    "threshold_selection_metric": "maximize_precision_then_f1_subject_to_target_recall",
    "n_features_per_day": 33
  },
  "results": {
    "GRU": {
      "recall": 0.9519906323185011,
      "precision": 0.3739650413983441,
      "f1": 0.536988110964333,
      "accuracy": 0.4403193612774451,
      "auc": 0.711048729249323,
      "threshold": 0.17,
      "val_best_recall": 0.950507614213198,
      "val_best_f1": 0.0,
      "confusion_matrix": [
        [
          290,
          1361
        ],
        [
          41,
          813
        ]
      ],
      "train_losses": [
        0.6705310413852716,
        0.6560269288909741,
        0.6533047010883307,
        0.6484735805254717,
        0.6442133714755376,
        0.6380515238413444,
        0.6371161887661004,
        0.6296599180652545,
        0.6276310779345341,
        0.6268074230123789,
        0.6256808089904297,
        0.6232492244396455
      ],
      "val_losses": [
        0.6566150152754641,
        0.6542718799528248,
        0.6521582894339533,
        0.6476853825374992,
        0.6463715619669703,
        0.6478861989732274,
        0.6474701970994116,
        0.6414409283392444,
        0.6424371387787208,
        0.6406517319693537,
        0.6429763559452788,
        0.641397563461772
      ],
      "train_accs": [
        0.6687772738940704,
        0.6845212629417301,
        0.689056216308719,
        0.6886283905193805,
        0.6930777787285017,
        0.6970137759904167,
        0.6972704714640199,
        0.7049713356721143,
        0.7049713356721143,
        0.7073671600924104,
        0.7074527252502781,
        0.7072815949345427
      ],
      "val_accs": [
        0.6841054313099042,
        0.6928913738019169,
        0.6837060702875399,
        0.6900958466453674,
        0.6916932907348243,
        0.6908945686900958,
        0.6869009584664537,
        0.6984824281150159,
        0.6928913738019169,
        0.6896964856230032,
        0.6904952076677316,
        0.6924920127795527
      ],
      "lr_history": [
        0.000381,
        0.000381,
        0.000381,
        0.000381,
        0.000381,
        0.000381,
        7.620000000000001e-05,
        7.620000000000001e-05,
        7.620000000000001e-05,
        7.620000000000001e-05,
        7.620000000000001e-05,
        1.5240000000000003e-05
      ]
    },
    "JellyfishNet": {
      "recall": 0.9672131147540983,
      "precision": 0.36776491540516476,
      "f1": 0.5329032258064516,
      "accuracy": 0.4219560878243513,
      "auc": 0.7070042710613254,
      "threshold": 0.14,
      "val_best_recall": 0.9517766497461929,
      "val_best_f1": 0.0,
      "confusion_matrix": [
        [
          231,
          1420
        ],
        [
          28,
          826
        ]
      ],
      "train_losses": [
        0.669375905700219,
        0.65515000636761,
        0.6494420995696997,
        0.6443587122819363,
        0.6389909003407527,
        0.6335409782826901,
        0.6275802613833011,
        0.6166977164454949,
        0.5923813763719339,
        0.5848938637245924,
        0.5733643011022836,
        0.5733851636449496
      ],
      "val_losses": [
        0.6517087165823954,
        0.6471361794514571,
        0.6513786569326937,
        0.6396676692777051,
        0.6419758068587251,
        0.6367555126815498,
        0.649571155359645,
        0.6466889875734637,
        0.6551176486258021,
        0.6514605690619188,
        0.6579494904615208,
        0.6603359808464964
      ],
      "train_accs": [
        0.6769059638915034,
        0.6844356977838624,
        0.6878583040985711,
        0.6920509968340891,
        0.6947890818858561,
        0.7004363823051254,
        0.7063403781979978,
        0.7139556772482245,
        0.728587319243604,
        0.7333789680841961,
        0.7416787883973646,
        0.7402241807136134
      ],
      "val_accs": [
        0.6625399361022364,
        0.6681309904153354,
        0.6896964856230032,
        0.6984824281150159,
        0.6837060702875399,
        0.6904952076677316,
        0.6685303514376997,
        0.6952875399361023,
        0.6944888178913738,
        0.6900958466453674,
        0.6880990415335463,
        0.689297124600639
      ],
      "lr_history": [
        0.000381,
        0.000381,
        0.000381,
        0.000381,
        0.000381,
        0.000381,
        0.000381,
        7.620000000000001e-05,
        7.620000000000001e-05,
        1.5240000000000003e-05,
        1.5240000000000003e-05,
        3.0480000000000007e-06
      ]
    }
  }
}