{
  "timestamp": "2026-04-06T11:15:04",
  "config": {
    "lookback_days": 17,
    "use_integrated_data": true,
    "weather_csv_path": "None",
    "include_live_xml": true,
    "batch_size": 14,
    "learning_rate": 0.000747,
    "dropout_prob": 0.16,
    "num_epochs": 12,
    "patience": 8,
    "hybrid_hidden_dim": 128,
    "model_names": [
      "GRU",
      "JellyfishNet"
    ],
    "scheduler_factor": 0.3,
    "scheduler_patience": 1,
    "grad_clip_norm": 1.0,
    "threshold_min": 0.1,
    "threshold_max": 0.9,
    "threshold_steps": 81,
    "threshold_min_precision": 0.4,
    "threshold_target_recall": 0.95,
    "positive_class_weight": 1.68,
    "threshold_selection_metric": "maximize_precision_then_f1_subject_to_target_recall",
    "n_features_per_day": 33
  },
  "results": {
    "GRU": {
      "recall": 0.946987951807229,
      "precision": 0.35841313269493846,
      "f1": 0.5200132318888522,
      "accuracy": 0.4255740300870942,
      "auc": 0.705758766196863,
      "threshold": 0.18,
      "val_best_recall": 0.959748427672956,
      "val_best_f1": 0.0,
      "confusion_matrix": [
        [
          289,
          1407
        ],
        [
          44,
          786
        ]
      ],
      "train_losses": [
        0.7990521325280717,
        0.7864649020790204,
        0.7805367964109728,
        0.7729427474340747,
        0.7681689083293045,
        0.7635196746457501,
        0.7561429816512767,
        0.7394096276893185,
        0.7339520119573045,
        0.7319512072056886,
        0.7215872838420709,
        0.7172594619406091
      ],
      "val_losses": [
        0.7681612423441028,
        0.7652576708991224,
        0.7571773010393532,
        0.7540859993320802,
        0.7509509336553226,
        0.7543731621615795,
        0.7587266021011942,
        0.7444742167193587,
        0.7539628085510507,
        0.7473360573389254,
        0.7478545755971202,
        0.7501688965117734
      ],
      "train_accs": [
        0.6405838920478656,
        0.6511075277942799,
        0.6525502843079012,
        0.6576423661206824,
        0.6676567936858185,
        0.6689298141390139,
        0.6784350335228719,
        0.6874310447254519,
        0.6948145633539845,
        0.6981244165322923,
        0.6987184927437834,
        0.7067809556140202
      ],
      "val_accs": [
        0.6382725832012678,
        0.6414421553090333,
        0.6624405705229794,
        0.687797147385103,
        0.6667987321711569,
        0.6683835182250396,
        0.6664025356576863,
        0.6814580031695721,
        0.688985736925515,
        0.68026941362916,
        0.6913629160063391,
        0.6826465927099842
      ],
      "lr_history": [
        0.000747,
        0.000747,
        0.000747,
        0.000747,
        0.000747,
        0.000747,
        0.0002241,
        0.0002241,
        0.0002241,
        6.722999999999999e-05,
        6.722999999999999e-05,
        2.0168999999999996e-05
      ]
    },
    "JellyfishNet": {
      "recall": 0.9554216867469879,
      "precision": 0.3535443602318324,
      "f1": 0.5161080377481289,
      "accuracy": 0.41132224861441014,
      "auc": 0.7019137872243691,
      "threshold": 0.2,
      "val_best_recall": 0.9584905660377359,
      "val_best_f1": 0.0,
      "confusion_matrix": [
        [
          246,
          1450
        ],
        [
          37,
          793
        ]
      ],
      "train_losses": [
        0.8088309102981504,
        0.7894876506223815,
        0.7796312851959623,
        0.774855750367364,
        0.7548260945747131,
        0.7457004776689049,
        0.7424361474298808,
        0.7257031844021872,
        0.7216859090710479,
        0.7132509143363834,
        0.7117171544502013,
        0.7116979837346813
      ],
      "val_losses": [
        0.7712573157160322,
        0.7658645553483489,
        0.7668344597460816,
        0.7667915424259987,
        0.7559153887119082,
        0.7592101238709128,
        0.7630805063642849,
        0.763508147956258,
        0.7694994306696054,
        0.7699405957651402,
        0.7731976357612821,
        0.773527486218932
      ],
      "train_accs": [
        0.6194517525248239,
        0.6400746838665875,
        0.6494101671900195,
        0.6588305185436646,
        0.6722396673173215,
        0.6764830688279725,
        0.6847152677586353,
        0.6933718068403633,
        0.7024526860731563,
        0.7046592548586947,
        0.7087329203089197,
        0.7106000169736061
      ],
      "val_accs": [
        0.687797147385103,
        0.6858161648177497,
        0.6810618066561014,
        0.6576862123613312,
        0.68026941362916,
        0.6675911251980983,
        0.6553090332805072,
        0.6770998415213946,
        0.6667987321711569,
        0.6739302694136292,
        0.6735340729001584,
        0.6743264659270999
      ],
      "lr_history": [
        0.000747,
        0.000747,
        0.000747,
        0.0002241,
        0.0002241,
        0.0002241,
        6.722999999999999e-05,
        6.722999999999999e-05,
        2.0168999999999996e-05,
        2.0168999999999996e-05,
        6.050699999999999e-06,
        6.050699999999999e-06
      ]
    }
  }
}