{
  "timestamp": "2026-04-06T11:47:43",
  "config": {
    "lookback_days": 26,
    "use_integrated_data": true,
    "weather_csv_path": "None",
    "include_live_xml": true,
    "batch_size": 22,
    "learning_rate": 0.000876,
    "dropout_prob": 0.09,
    "num_epochs": 12,
    "patience": 8,
    "hybrid_hidden_dim": 128,
    "model_names": [
      "GRU",
      "JellyfishNet"
    ],
    "scheduler_factor": 0.3,
    "scheduler_patience": 1,
    "grad_clip_norm": 1.0,
    "threshold_min": 0.1,
    "threshold_max": 0.9,
    "threshold_steps": 81,
    "threshold_min_precision": 0.4,
    "threshold_target_recall": 0.95,
    "positive_class_weight": 1.77,
    "threshold_selection_metric": "maximize_precision_then_f1_subject_to_target_recall",
    "n_features_per_day": 33
  },
  "results": {
    "GRU": {
      "recall": 0.9390243902439024,
      "precision": 0.3538602941176471,
      "f1": 0.514018691588785,
      "accuracy": 0.4176,
      "auc": 0.7024154326364692,
      "threshold": 0.2,
      "val_best_recall": 0.9512485136741974,
      "val_best_f1": 0.0,
      "confusion_matrix": [
        [
          274,
          1406
        ],
        [
          50,
          770
        ]
      ],
      "train_losses": [
        0.8149193795222156,
        0.7982167590339229,
        0.7923202646228502,
        0.7781820469869758,
        0.7748494265214452,
        0.7698505372371314,
        0.7643238929645071,
        0.7617530822191598,
        0.7598261431703027,
        0.7590602604848034,
        0.7575742281270477,
        0.75666750079056
      ],
      "val_losses": [
        0.8072427187049598,
        0.8130280636904532,
        0.8102691531704184,
        0.7974517685279512,
        0.7977869432223471,
        0.7977970728748723,
        0.7952737593859956,
        0.7960277539596223,
        0.7964741543196795,
        0.7957213947124648,
        0.7958986231109553,
        0.7959487344089308
      ],
      "train_accs": [
        0.6344768439108062,
        0.6539451114922813,
        0.6572898799313893,
        0.6694682675814752,
        0.6706689536878216,
        0.6735849056603773,
        0.6767581475128644,
        0.6775300171526587,
        0.6842195540308748,
        0.6822469982847341,
        0.6808747855917667,
        0.6844768439108062
      ],
      "val_accs": [
        0.6317053642914331,
        0.622497998398719,
        0.6653322658126501,
        0.6509207365892714,
        0.6573258606885508,
        0.6465172137710168,
        0.6561248999199359,
        0.655324259407526,
        0.6561248999199359,
        0.6541232986389112,
        0.6521216973578863,
        0.6525220176140912
      ],
      "lr_history": [
        0.000876,
        0.000876,
        0.0002628,
        0.0002628,
        0.0002628,
        7.884e-05,
        7.884e-05,
        7.884e-05,
        2.3652e-05,
        2.3652e-05,
        7.0955999999999995e-06,
        7.0955999999999995e-06
      ]
    },
    "JellyfishNet": {
      "recall": 0.9378048780487804,
      "precision": 0.35405156537753224,
      "f1": 0.5140374331550802,
      "accuracy": 0.4184,
      "auc": 0.6945121951219513,
      "threshold": 0.23,
      "val_best_recall": 0.9536266349583828,
      "val_best_f1": 0.0,
      "confusion_matrix": [
        [
          277,
          1403
        ],
        [
          51,
          769
        ]
      ],
      "train_losses": [
        0.8184605685045134,
        0.8010104256980825,
        0.7917618275813336,
        0.786167514380419,
        0.777221210835115,
        0.7654199249901862,
        0.752527008641441,
        0.7048361377896003,
        0.6741722249759818,
        0.6308093503398715,
        0.6137552787110491,
        0.595713579963963
      ],
      "val_losses": [
        0.8024229616449591,
        0.8049504469361222,
        0.7993454771083698,
        0.8030209729545995,
        0.7959041041240358,
        0.8086001935758089,
        0.8066218714965018,
        0.8384367170041067,
        0.8586050154347169,
        0.8996962384696592,
        0.910533094615267,
        0.924842828459907
      ],
      "train_accs": [
        0.6289879931389365,
        0.6490566037735849,
        0.6559176672384219,
        0.6588336192109777,
        0.6635506003430531,
        0.6772727272727272,
        0.6851629502572899,
        0.716466552315609,
        0.7362778730703259,
        0.7602915951972555,
        0.7712692967409949,
        0.7787307032590052
      ],
      "val_accs": [
        0.6393114491593275,
        0.6216973578863091,
        0.6493194555644516,
        0.6208967173738991,
        0.6469175340272217,
        0.6473178542834267,
        0.6481184947958367,
        0.6469175340272217,
        0.6625300240192153,
        0.6549239391513211,
        0.6465172137710168,
        0.6573258606885508
      ],
      "lr_history": [
        0.000876,
        0.000876,
        0.000876,
        0.000876,
        0.000876,
        0.000876,
        0.0002628,
        0.0002628,
        7.884e-05,
        7.884e-05,
        2.3652e-05,
        2.3652e-05
      ]
    }
  }
}