{
  "timestamp": "2026-04-06T03:26:37",
  "config": {
    "lookback_days": 14,
    "use_integrated_data": true,
    "weather_csv_path": "data/IMS/data_202603142120.csv",
    "include_live_xml": true,
    "batch_size": 24,
    "learning_rate": 0.0008,
    "dropout_prob": 0.15,
    "num_epochs": 5,
    "patience": 5,
    "hybrid_hidden_dim": 256,
    "model_names": [
      "JellyfishNet"
    ],
    "scheduler_factor": 0.2,
    "scheduler_patience": 1,
    "grad_clip_norm": 1.0,
    "threshold_min": 0.05,
    "threshold_max": 0.9,
    "threshold_steps": 86,
    "threshold_min_precision": 0.3,
    "threshold_selection_metric": "recall_on_validation_subject_to_min_precision",
    "n_features_per_day": 33
  },
  "results": {
    "JellyfishNet": {
      "recall": 1.0,
      "precision": 0.32504930966469425,
      "f1": 0.490622208990771,
      "accuracy": 0.32504930966469425,
      "auc": 0.6760038556910454,
      "threshold": 0.05,
      "val_best_recall": 1.0,
      "val_best_f1": 0.0,
      "confusion_matrix": [
        [
          0,
          1711
        ],
        [
          0,
          824
        ]
      ],
      "train_losses": [
        0.6048539962173717,
        0.5917913601195353,
        0.5854827935748845,
        0.5806330584488341,
        0.5757403001340359
      ],
      "val_losses": [
        0.6016967985427605,
        0.5956167339716317,
        0.5896529611551536,
        0.5867024584198898,
        0.5977051255275618
      ],
      "train_accs": [
        0.6817758985200846,
        0.6876109936575053,
        0.6921775898520085,
        0.6943763213530655,
        0.6962367864693446
      ],
      "val_accs": [
        0.6841689696012633,
        0.6845637583892618,
        0.6794315041452823,
        0.6916699565732333,
        0.6802210817212792
      ],
      "lr_history": [
        0.0008,
        0.0008,
        0.0008,
        0.0008,
        0.0008
      ]
    }
  }
}