{
  "timestamp": "2026-04-06T05:12:48",
  "config": {
    "lookback_days": 14,
    "use_integrated_data": true,
    "weather_csv_path": "None",
    "include_live_xml": true,
    "batch_size": 24,
    "learning_rate": 0.0007,
    "dropout_prob": 0.2,
    "num_epochs": 12,
    "patience": 8,
    "hybrid_hidden_dim": 128,
    "model_names": [
      "JellyfishNet"
    ],
    "scheduler_factor": 0.2,
    "scheduler_patience": 1,
    "grad_clip_norm": 1.0,
    "threshold_min": 0.05,
    "threshold_max": 0.9,
    "threshold_steps": 81,
    "threshold_min_precision": 0.2,
    "threshold_target_recall": 0.95,
    "positive_class_weight": 1.4,
    "threshold_selection_metric": "maximize_precision_then_f1_subject_to_target_recall",
    "n_features_per_day": 33
  },
  "results": {
    "JellyfishNet": {
      "recall": 0.9405339805825242,
      "precision": 0.3497292418772563,
      "f1": 0.5098684210526315,
      "accuracy": 0.41222879684418146,
      "auc": 0.6775309533401803,
      "threshold": 0.1775,
      "val_best_recall": 0.9517078916372202,
      "val_best_f1": 0.0,
      "confusion_matrix": [
        [
          270,
          1441
        ],
        [
          49,
          775
        ]
      ],
      "train_losses": [
        0.7249565576684887,
        0.7096907929885702,
        0.7049360116887045,
        0.7002549253661057,
        0.6953311959096433,
        0.6915286231718005,
        0.6822245512119897,
        0.6811465529713621,
        0.6542758588012285,
        0.6456826060829007,
        0.6348480507882565,
        0.6318108984108629
      ],
      "val_losses": [
        0.7133681729154767,
        0.710142804766601,
        0.7111210755582126,
        0.7017367380969929,
        0.7059454560842154,
        0.6997539058046521,
        0.7033996421773479,
        0.7034202516078949,
        0.7102891215175953,
        0.7131364072831172,
        0.7176613911705197,
        0.7172069063164154
      ],
      "train_accs": [
        0.6551374207188161,
        0.6751797040169133,
        0.6775475687103594,
        0.6750951374207188,
        0.6847357293868922,
        0.6831289640591967,
        0.6902325581395349,
        0.6927695560253699,
        0.7110359408033826,
        0.7159408033826639,
        0.7214376321353065,
        0.7227061310782241
      ],
      "val_accs": [
        0.6679826292933281,
        0.6652191077773392,
        0.6849585471772601,
        0.6821950256612712,
        0.6549545992893802,
        0.6731148835373075,
        0.693249111725227,
        0.6896960126332412,
        0.6837741808132649,
        0.6837741808132649,
        0.6837741808132649,
        0.681010659297276
      ],
      "lr_history": [
        0.0007,
        0.0007,
        0.0007,
        0.0007,
        0.0007,
        0.0007,
        0.0007,
        0.00014000000000000001,
        0.00014000000000000001,
        2.8000000000000003e-05,
        2.8000000000000003e-05,
        5.600000000000001e-06
      ]
    }
  }
}