{
  "timestamp": "2026-04-06T05:22:08",
  "config": {
    "lookback_days": 21,
    "use_integrated_data": true,
    "weather_csv_path": "None",
    "include_live_xml": true,
    "batch_size": 16,
    "learning_rate": 0.0005,
    "dropout_prob": 0.15,
    "num_epochs": 12,
    "patience": 8,
    "hybrid_hidden_dim": 128,
    "model_names": [
      "JellyfishNet"
    ],
    "scheduler_factor": 0.3,
    "scheduler_patience": 1,
    "grad_clip_norm": 1.0,
    "threshold_min": 0.05,
    "threshold_max": 0.9,
    "threshold_steps": 81,
    "threshold_min_precision": 0.2,
    "threshold_target_recall": 0.95,
    "positive_class_weight": 1.4,
    "threshold_selection_metric": "maximize_precision_then_f1_subject_to_target_recall",
    "n_features_per_day": 33
  },
  "results": {
    "JellyfishNet": {
      "recall": 0.9532710280373832,
      "precision": 0.3710777626193724,
      "f1": 0.5342062193126021,
      "accuracy": 0.433969769291965,
      "auc": 0.7142113288163872,
      "threshold": 0.20937499999999998,
      "val_best_recall": 0.9507389162561576,
      "val_best_f1": 0.0,
      "confusion_matrix": [
        [
          275,
          1383
        ],
        [
          40,
          816
        ]
      ],
      "train_losses": [
        0.7257469765242255,
        0.7105752097145435,
        0.7032828618852374,
        0.6973363308269037,
        0.6898452709918133,
        0.6829369389750622,
        0.6752749852236426,
        0.6636966896252288,
        0.6313756257498898,
        0.6178021821692729,
        0.6002715647342586,
        0.5954413553458444
      ],
      "val_losses": [
        0.7098942129475296,
        0.7090186248919007,
        0.7049935329112278,
        0.7045165666729022,
        0.7021263082315967,
        0.6971835583258587,
        0.7083662607867247,
        0.7211206431981105,
        0.7356717178396358,
        0.729790651114883,
        0.7409581674891672,
        0.749449567620162
      ],
      "train_accs": [
        0.6647053807452886,
        0.6721241579261533,
        0.6788607486995821,
        0.6792018419033001,
        0.6856826127739405,
        0.6913959239362155,
        0.6969386884966317,
        0.7059776583951565,
        0.7255052443080071,
        0.7376140530399932,
        0.7453739234245758,
        0.7498934083738381
      ],
      "val_accs": [
        0.6871019108280255,
        0.6695859872611465,
        0.6679936305732485,
        0.6890923566878981,
        0.696656050955414,
        0.6926751592356688,
        0.6882961783439491,
        0.6950636942675159,
        0.6902866242038217,
        0.677547770700637,
        0.6815286624203821,
        0.6763535031847133
      ],
      "lr_history": [
        0.0005,
        0.0005,
        0.0005,
        0.0005,
        0.0005,
        0.0005,
        0.0005,
        0.00015,
        0.00015,
        4.4999999999999996e-05,
        4.4999999999999996e-05,
        1.3499999999999998e-05
      ]
    }
  }
}