{
  "timestamp": "2026-04-06T05:40:07",
  "config": {
    "lookback_days": 21,
    "use_integrated_data": true,
    "weather_csv_path": "None",
    "include_live_xml": true,
    "batch_size": 12,
    "learning_rate": 0.0004,
    "dropout_prob": 0.15,
    "num_epochs": 12,
    "patience": 8,
    "hybrid_hidden_dim": 256,
    "model_names": [
      "JellyfishNet"
    ],
    "scheduler_factor": 0.2,
    "scheduler_patience": 1,
    "grad_clip_norm": 1.0,
    "threshold_min": 0.05,
    "threshold_max": 0.9,
    "threshold_steps": 81,
    "threshold_min_precision": 0.2,
    "threshold_target_recall": 0.95,
    "positive_class_weight": 1.8,
    "threshold_selection_metric": "maximize_precision_then_f1_subject_to_target_recall",
    "n_features_per_day": 33
  },
  "results": {
    "JellyfishNet": {
      "recall": 0.9521028037383178,
      "precision": 0.3625444839857651,
      "f1": 0.5251288659793815,
      "accuracy": 0.41368337311058073,
      "auc": 0.6976106360551504,
      "threshold": 0.15625,
      "val_best_recall": 0.9568965517241379,
      "val_best_f1": 0.0,
      "confusion_matrix": [
        [
          225,
          1433
        ],
        [
          41,
          815
        ]
      ],
      "train_losses": [
        0.8288549036701764,
        0.8114880162209334,
        0.8043293834403005,
        0.7960584127403232,
        0.7874767886044302,
        0.7763250269041471,
        0.7630088963147809,
        0.7134639345459899,
        0.685638495109564,
        0.6593746444960801,
        0.6515022558912421,
        0.649622374532291
      ],
      "val_losses": [
        0.818813776686078,
        0.818861591390201,
        0.8074603771879559,
        0.8123257611479078,
        0.8036126792430878,
        0.8240327424946285,
        0.8406880925099055,
        0.859045519573348,
        0.875687508781751,
        0.8853525858549844,
        0.9008622169494629,
        0.9010015745957692
      ],
      "train_accs": [
        0.6221540035814787,
        0.6411699496887524,
        0.6485887268696171,
        0.6546431312356101,
        0.6673488530741025,
        0.6799693016116654,
        0.687217532190671,
        0.7221795855717574,
        0.7437537307069156,
        0.7506608680822034,
        0.7580796452630681,
        0.7666922486569455
      ],
      "val_accs": [
        0.6819267515923567,
        0.633359872611465,
        0.6731687898089171,
        0.6576433121019108,
        0.6460987261146497,
        0.6480891719745223,
        0.6564490445859873,
        0.6624203821656051,
        0.6628184713375797,
        0.6596337579617835,
        0.6620222929936306,
        0.6592356687898089
      ],
      "lr_history": [
        0.0004,
        0.0004,
        0.0004,
        0.0004,
        0.0004,
        0.0004,
        8e-05,
        8e-05,
        1.6000000000000003e-05,
        1.6000000000000003e-05,
        3.2000000000000007e-06,
        3.2000000000000007e-06
      ]
    }
  }
}