{
  "n_rows_window": 436,
  "n_valid_compared": 381,
  "Baseline": {
    "n": 381,
    "accuracy": 0.4881889763779528,
    "precision": 1.0,
    "recall": 0.4881889763779528,
    "f1": 0.656084656084656,
    "tp": 186,
    "fp": 0,
    "fn": 195,
    "tn": 0
  },
  "JellyfishNet": {
    "n": 381,
    "accuracy": 0.30971128608923887,
    "precision": 1.0,
    "recall": 0.30971128608923887,
    "f1": 0.47294589178356716,
    "tp": 118,
    "fp": 0,
    "fn": 263,
    "tn": 0
  }
}