{
  "timestamp": "2026-04-06T03:25:59",
  "config": {
    "lookback_days": 14,
    "use_integrated_data": true,
    "weather_csv_path": "data/IMS/data_202603142120.csv",
    "include_live_xml": true,
    "batch_size": 24,
    "learning_rate": 0.0008,
    "dropout_prob": 0.15,
    "num_epochs": 5,
    "patience": 5,
    "hybrid_hidden_dim": 256,
    "model_names": [
      "JellyfishNet"
    ],
    "scheduler_factor": 0.2,
    "scheduler_patience": 1,
    "grad_clip_norm": 1.0,
    "threshold_min": 0.05,
    "threshold_max": 0.9,
    "threshold_steps": 86,
    "threshold_min_precision": 0.3,
    "threshold_selection_metric": "recall_on_validation_subject_to_min_precision",
    "n_features_per_day": 33
  },
  "results": {
    "JellyfishNet": {
      "recall": 1.0,
      "precision": 0.32504930966469425,
      "f1": 0.490622208990771,
      "accuracy": 0.32504930966469425,
      "auc": 0.6747753684043284,
      "threshold": 0.05,
      "val_best_recall": 1.0,
      "val_best_f1": 0.0,
      "confusion_matrix": [
        [
          0,
          1711
        ],
        [
          0,
          824
        ]
      ],
      "train_losses": [
        0.6010587244440044,
        0.5892185190991021,
        0.5844714453568565,
        0.5800725711891183,
        0.5770072844521753
      ],
      "val_losses": [
        0.5929299590160262,
        0.6085814988275744,
        0.5913079937673965,
        0.5846333745515572,
        0.5846734443363154
      ],
      "train_accs": [
        0.6817758985200846,
        0.6882029598308668,
        0.6918393234672304,
        0.6942071881606765,
        0.6961522198731501
      ],
      "val_accs": [
        0.6790367153572838,
        0.6667982629293328,
        0.6806158705092775,
        0.6814054480852744,
        0.6936439005132254
      ],
      "lr_history": [
        0.0008,
        0.0008,
        0.0008,
        0.0008,
        0.0008
      ]
    }
  }
}