{
  "timestamp": "2026-04-06T03:51:22",
  "config": {
    "lookback_days": 28,
    "use_integrated_data": true,
    "weather_csv_path": "data/IMS/data_202603142120.csv",
    "include_live_xml": true,
    "batch_size": 8,
    "learning_rate": 0.0003,
    "dropout_prob": 0.05,
    "num_epochs": 5,
    "patience": 5,
    "hybrid_hidden_dim": 384,
    "model_names": [
      "JellyfishNet"
    ],
    "scheduler_factor": 0.3,
    "scheduler_patience": 1,
    "grad_clip_norm": 1.0,
    "threshold_min": 0.05,
    "threshold_max": 0.9,
    "threshold_steps": 86,
    "threshold_min_precision": 0.3,
    "threshold_selection_metric": "recall_on_validation_subject_to_min_precision",
    "n_features_per_day": 33
  },
  "results": {
    "JellyfishNet": {
      "recall": 1.0,
      "precision": 0.3257119935820297,
      "f1": 0.4913767019667171,
      "accuracy": 0.3257119935820297,
      "auc": 0.698615063166131,
      "threshold": 0.05,
      "val_best_recall": 1.0,
      "val_best_f1": 0.0,
      "confusion_matrix": [
        [
          0,
          1681
        ],
        [
          0,
          812
        ]
      ],
      "train_losses": [
        0.602378517286884,
        0.5881728431920416,
        0.5829611475217793,
        0.5750286516762272,
        0.5664875499878552
      ],
      "val_losses": [
        0.5920983863373598,
        0.5886352044076492,
        0.5857875415912042,
        0.6002723876482401,
        0.5909306119936399
      ],
      "train_accs": [
        0.6798177754856455,
        0.6935705690218326,
        0.6949458483754513,
        0.7037132542547705,
        0.7097301014268523
      ],
      "val_accs": [
        0.6871239470517448,
        0.681909346169274,
        0.6903329322101885,
        0.686321700762134,
        0.6923385479342158
      ],
      "lr_history": [
        0.0003,
        0.0003,
        0.0003,
        0.0003,
        8.999999999999999e-05
      ]
    }
  }
}