{
  "timestamp": "2026-04-06T03:38:03",
  "config": {
    "lookback_days": 28,
    "use_integrated_data": true,
    "weather_csv_path": "data/IMS/data_202603142120.csv",
    "include_live_xml": true,
    "batch_size": 16,
    "learning_rate": 0.0003,
    "dropout_prob": 0.2,
    "num_epochs": 5,
    "patience": 5,
    "hybrid_hidden_dim": 256,
    "model_names": [
      "JellyfishNet"
    ],
    "scheduler_factor": 0.3,
    "scheduler_patience": 1,
    "grad_clip_norm": 1.0,
    "threshold_min": 0.05,
    "threshold_max": 0.9,
    "threshold_steps": 86,
    "threshold_min_precision": 0.3,
    "threshold_selection_metric": "recall_on_validation_subject_to_min_precision",
    "n_features_per_day": 33
  },
  "results": {
    "JellyfishNet": {
      "recall": 1.0,
      "precision": 0.3257119935820297,
      "f1": 0.4913767019667171,
      "accuracy": 0.3257119935820297,
      "auc": 0.6999978754142943,
      "threshold": 0.05,
      "val_best_recall": 1.0,
      "val_best_f1": 0.0,
      "confusion_matrix": [
        [
          0,
          1681
        ],
        [
          0,
          812
        ]
      ],
      "train_losses": [
        0.5991145954109155,
        0.5860743539018946,
        0.5798552437879883,
        0.5736316924321128,
        0.5714721976482606
      ],
      "val_losses": [
        0.6040793743271095,
        0.5903983641511354,
        0.5913047110423063,
        0.5869642832340338,
        0.5846566936144462
      ],
      "train_accs": [
        0.6849750730617157,
        0.68970259583978,
        0.6970947223654805,
        0.7001031459515215,
        0.7045728038507821
      ],
      "val_accs": [
        0.6831127156036904,
        0.6919374247894103,
        0.6867228239069394,
        0.6895306859205776,
        0.6935419173686321
      ],
      "lr_history": [
        0.0003,
        0.0003,
        0.0003,
        0.0003,
        0.0003
      ]
    }
  }
}