{
  "timestamp": "2026-04-06T02:28:53",
  "config": {
    "lookback_days": 14,
    "use_integrated_data": true,
    "weather_csv_path": "data/IMS/data_202603142120.csv",
    "include_live_xml": true,
    "batch_size": 32,
    "learning_rate": 0.0008,
    "dropout_prob": 0.2,
    "num_epochs": 8,
    "patience": 8,
    "hybrid_hidden_dim": 128,
    "model_names": [
      "JellyfishNet"
    ],
    "scheduler_factor": 0.2,
    "scheduler_patience": 1,
    "grad_clip_norm": 1.0,
    "threshold_min": 0.05,
    "threshold_max": 0.9,
    "threshold_steps": 86,
    "threshold_min_precision": 0.3,
    "threshold_selection_metric": "recall_on_validation_subject_to_min_precision",
    "n_features_per_day": 33
  },
  "results": {
    "JellyfishNet": {
      "recall": 1.0,
      "precision": 0.32504930966469425,
      "f1": 0.490622208990771,
      "accuracy": 0.32504930966469425,
      "auc": 0.6780409316075877,
      "threshold": 0.05,
      "val_best_recall": 1.0,
      "val_best_f1": 0.0,
      "confusion_matrix": [
        [
          0,
          1711
        ],
        [
          0,
          824
        ]
      ],
      "train_losses": [
        0.6007222575915826,
        0.590356221392348,
        0.5867660280015018,
        0.5819625376044093,
        0.579314759293118,
        0.5752893991566993,
        0.5709527455471658,
        0.5572554957222294
      ],
      "val_losses": [
        0.59782240614295,
        0.6045357838273049,
        0.587463702633977,
        0.5851331692188978,
        0.5838067039847374,
        0.5891319788992405,
        0.5865192644298076,
        0.5807255040854216
      ],
      "train_accs": [
        0.6853276955602537,
        0.691585623678647,
        0.6926849894291754,
        0.692938689217759,
        0.693276955602537,
        0.6973361522198731,
        0.7035940803382664,
        0.7096828752642707
      ],
      "val_accs": [
        0.6715357283853138,
        0.670746150809317,
        0.6774575602052901,
        0.6912751677852349,
        0.6865377023292538,
        0.6853533359652586,
        0.6770627714172918,
        0.6936439005132254
      ],
      "lr_history": [
        0.0008,
        0.0008,
        0.0008,
        0.0008,
        0.0008,
        0.0008,
        0.00016,
        0.00016
      ]
    }
  }
}