{
  "timestamp": "2026-04-06T02:31:59",
  "config": {
    "lookback_days": 14,
    "use_integrated_data": true,
    "weather_csv_path": "data/IMS/data_202603142120.csv",
    "include_live_xml": true,
    "batch_size": 24,
    "learning_rate": 0.0008,
    "dropout_prob": 0.15,
    "num_epochs": 8,
    "patience": 8,
    "hybrid_hidden_dim": 256,
    "model_names": [
      "JellyfishNet"
    ],
    "scheduler_factor": 0.2,
    "scheduler_patience": 1,
    "grad_clip_norm": 1.0,
    "threshold_min": 0.05,
    "threshold_max": 0.9,
    "threshold_steps": 86,
    "threshold_min_precision": 0.3,
    "threshold_selection_metric": "recall_on_validation_subject_to_min_precision",
    "n_features_per_day": 33
  },
  "results": {
    "JellyfishNet": {
      "recall": 1.0,
      "precision": 0.32504930966469425,
      "f1": 0.490622208990771,
      "accuracy": 0.32504930966469425,
      "auc": 0.6781842078384865,
      "threshold": 0.05,
      "val_best_recall": 1.0,
      "val_best_f1": 0.0,
      "confusion_matrix": [
        [
          0,
          1711
        ],
        [
          0,
          824
        ]
      ],
      "train_losses": [
        0.6018627380865341,
        0.5901614228682875,
        0.5842144225722152,
        0.579217120733029,
        0.5736050009122968,
        0.5668225731496637,
        0.5598979378931421,
        0.5302185044448225
      ],
      "val_losses": [
        0.6041297372782005,
        0.5931465951901562,
        0.5849194982141819,
        0.5878898096534441,
        0.5823925157200616,
        0.5985679066968415,
        0.585155928191149,
        0.5907027985689774
      ],
      "train_accs": [
        0.6842283298097251,
        0.6887949260042283,
        0.6936997885835096,
        0.695813953488372,
        0.7003805496828752,
        0.706384778012685,
        0.7130655391120507,
        0.7325158562367865
      ],
      "val_accs": [
        0.6774575602052901,
        0.6711409395973155,
        0.6877220686932491,
        0.6869324911172523,
        0.6889064350572444,
        0.6715357283853138,
        0.6900908014212397,
        0.6908803789972365
      ],
      "lr_history": [
        0.0008,
        0.0008,
        0.0008,
        0.0008,
        0.0008,
        0.0008,
        0.00016,
        0.00016
      ]
    }
  }
}