{
  "timestamp": "2026-04-06T02:42:59",
  "config": {
    "lookback_days": 28,
    "use_integrated_data": true,
    "weather_csv_path": "data/IMS/data_202603142120.csv",
    "include_live_xml": true,
    "batch_size": 16,
    "learning_rate": 0.0003,
    "dropout_prob": 0.2,
    "num_epochs": 8,
    "patience": 8,
    "hybrid_hidden_dim": 256,
    "model_names": [
      "JellyfishNet"
    ],
    "scheduler_factor": 0.3,
    "scheduler_patience": 1,
    "grad_clip_norm": 1.0,
    "threshold_min": 0.05,
    "threshold_max": 0.9,
    "threshold_steps": 86,
    "threshold_min_precision": 0.3,
    "threshold_selection_metric": "recall_on_validation_subject_to_min_precision",
    "n_features_per_day": 33
  },
  "results": {
    "JellyfishNet": {
      "recall": 1.0,
      "precision": 0.3257119935820297,
      "f1": 0.4913767019667171,
      "accuracy": 0.3257119935820297,
      "auc": 0.7059840787942903,
      "threshold": 0.05,
      "val_best_recall": 1.0,
      "val_best_f1": 0.0,
      "confusion_matrix": [
        [
          0,
          1681
        ],
        [
          0,
          812
        ]
      ],
      "train_losses": [
        0.5990815619109097,
        0.5861873741742674,
        0.5799002199136949,
        0.575919212732505,
        0.5644477309433968,
        0.560205107739011,
        0.5557268452472411,
        0.5502342516044666
      ],
      "val_losses": [
        0.5936068407236001,
        0.5853803289624361,
        0.5907533636842018,
        0.5947299974086957,
        0.5832035325658627,
        0.5838388393704708,
        0.5830790215195754,
        0.5804717647723663
      ],
      "train_accs": [
        0.6838576585869005,
        0.6902183255973869,
        0.7003610108303249,
        0.6972666322846828,
        0.7035413443355681,
        0.7109334708612687,
        0.7124806601340897,
        0.7168643630737493
      ],
      "val_accs": [
        0.6823104693140795,
        0.6923385479342158,
        0.6879261933413559,
        0.6803048535900521,
        0.690734055354994,
        0.690734055354994,
        0.6927396710790212,
        0.6971520256718813
      ],
      "lr_history": [
        0.0003,
        0.0003,
        0.0003,
        8.999999999999999e-05,
        8.999999999999999e-05,
        8.999999999999999e-05,
        8.999999999999999e-05,
        8.999999999999999e-05
      ]
    }
  }
}