{
  "timestamp": "2026-04-06T02:45:49",
  "config": {
    "lookback_days": 21,
    "use_integrated_data": true,
    "weather_csv_path": "data/IMS/data_202603142120.csv",
    "include_live_xml": true,
    "batch_size": 16,
    "learning_rate": 0.001,
    "dropout_prob": 0.05,
    "num_epochs": 8,
    "patience": 8,
    "hybrid_hidden_dim": 96,
    "model_names": [
      "JellyfishNet"
    ],
    "scheduler_factor": 0.2,
    "scheduler_patience": 1,
    "grad_clip_norm": 1.0,
    "threshold_min": 0.05,
    "threshold_max": 0.9,
    "threshold_steps": 86,
    "threshold_min_precision": 0.3,
    "threshold_selection_metric": "recall_on_validation_subject_to_min_precision",
    "n_features_per_day": 33
  },
  "results": {
    "JellyfishNet": {
      "recall": 1.0,
      "precision": 0.34049323786793956,
      "f1": 0.5080118694362018,
      "accuracy": 0.34049323786793956,
      "auc": 0.6997307729163613,
      "threshold": 0.05,
      "val_best_recall": 1.0,
      "val_best_f1": 0.0,
      "confusion_matrix": [
        [
          0,
          1658
        ],
        [
          0,
          856
        ]
      ],
      "train_losses": [
        0.6022314333736816,
        0.5889960290790417,
        0.5821909472691899,
        0.5768391345240085,
        0.5693165670475563,
        0.5638654401569054,
        0.5523889092842846,
        0.5236928634558986
      ],
      "val_losses": [
        0.588937956816072,
        0.5895782367439028,
        0.5836902640427754,
        0.5816570123669448,
        0.579253463038973,
        0.5819937685492692,
        0.5875029472788428,
        0.6051243625249073
      ],
      "train_accs": [
        0.6815894943293255,
        0.6899462778204144,
        0.6935277564594525,
        0.6936983030613115,
        0.703590005969131,
        0.7056365651914386,
        0.7166368210113413,
        0.7373582331372047
      ],
      "val_accs": [
        0.6934713375796179,
        0.6910828025477707,
        0.6986464968152867,
        0.6962579617834395,
        0.6978503184713376,
        0.6914808917197452,
        0.6962579617834395,
        0.6835191082802548
      ],
      "lr_history": [
        0.001,
        0.001,
        0.001,
        0.001,
        0.001,
        0.001,
        0.0002,
        0.0002
      ]
    }
  }
}