{
  "timestamp": "2026-04-05T17:08:33",
  "config": {
    "lookback_days": 14,
    "use_integrated_data": true,
    "weather_csv_path": "data/IMS/data_202603142120.csv",
    "include_live_xml": true,
    "batch_size": 32,
    "learning_rate": 0.0003,
    "dropout_prob": 0.15,
    "num_epochs": 80,
    "patience": 10,
    "hybrid_hidden_dim": 128,
    "model_names": [
      "GRU",
      "JellyfishNet"
    ],
    "scheduler_factor": 0.5,
    "scheduler_patience": 5,
    "grad_clip_norm": 1.0,
    "threshold_min": 0.1,
    "threshold_max": 0.9,
    "threshold_steps": 81,
    "threshold_selection_metric": "f1_on_validation",
    "n_features_per_day": 33
  },
  "results": {
    "GRU": {
      "accuracy": 0.6307692307692307,
      "precision": 0.4513888888888889,
      "recall": 0.6310679611650486,
      "f1": 0.5263157894736842,
      "auc": 0.681258972496638,
      "threshold": 0.33,
      "val_best_f1": 0.5738025415444771,
      "confusion_matrix": [
        [
          1079,
          632
        ],
        [
          304,
          520
        ]
      ]
    },
    "JellyfishNet": {
      "accuracy": 0.6118343195266273,
      "precision": 0.44020926756352763,
      "recall": 0.7148058252427184,
      "f1": 0.5448658649398705,
      "auc": 0.681395155844819,
      "threshold": 0.27,
      "val_best_f1": 0.5691347011596788,
      "confusion_matrix": [
        [
          962,
          749
        ],
        [
          235,
          589
        ]
      ]
    }
  }
}