{
  "timestamp": "2026-04-05T17:49:13",
  "config": {
    "lookback_days": 14,
    "use_integrated_data": true,
    "weather_csv_path": "data/IMS/data_202603142120.csv",
    "include_live_xml": true,
    "batch_size": 48,
    "learning_rate": 0.0003,
    "dropout_prob": 0.2,
    "num_epochs": 100,
    "patience": 10,
    "hybrid_hidden_dim": 128,
    "model_names": [
      "GRU",
      "JellyfishNet"
    ],
    "scheduler_factor": 0.5,
    "scheduler_patience": 5,
    "grad_clip_norm": 1.0,
    "threshold_min": 0.1,
    "threshold_max": 0.9,
    "threshold_steps": 81,
    "threshold_selection_metric": "f1_on_validation",
    "n_features_per_day": 33
  },
  "results": {
    "GRU": {
      "accuracy": 0.6370808678500987,
      "precision": 0.45911413969335607,
      "recall": 0.654126213592233,
      "f1": 0.5395395395395395,
      "auc": 0.6871024439236693,
      "threshold": 0.32,
      "val_best_f1": 0.5766634522661525,
      "confusion_matrix": [
        [
          1076,
          635
        ],
        [
          285,
          539
        ]
      ]
    },
    "JellyfishNet": {
      "accuracy": 0.6303747534516765,
      "precision": 0.45191489361702125,
      "recall": 0.6444174757281553,
      "f1": 0.5312656328164082,
      "auc": 0.6774231415228703,
      "threshold": 0.33,
      "val_best_f1": 0.5744784085395439,
      "confusion_matrix": [
        [
          1067,
          644
        ],
        [
          293,
          531
        ]
      ]
    }
  }
}