{
  "timestamp": "2026-04-05T20:33:40",
  "config": {
    "lookback_days": 14,
    "use_integrated_data": true,
    "weather_csv_path": "data/IMS/data_202603142120.csv",
    "include_live_xml": true,
    "batch_size": 48,
    "learning_rate": 0.001,
    "dropout_prob": 0.15,
    "num_epochs": 80,
    "patience": 10,
    "hybrid_hidden_dim": 128,
    "model_names": [
      "GRU",
      "JellyfishNet"
    ],
    "scheduler_factor": 0.5,
    "scheduler_patience": 5,
    "grad_clip_norm": 1.0,
    "threshold_min": 0.1,
    "threshold_max": 0.9,
    "threshold_steps": 81,
    "threshold_selection_metric": "f1_on_validation",
    "n_features_per_day": 33
  },
  "results": {
    "GRU": {
      "accuracy": 0.5936883629191322,
      "precision": 0.42935528120713307,
      "recall": 0.7597087378640777,
      "f1": 0.5486415425065733,
      "auc": 0.6724481935846294,
      "threshold": 0.28,
      "val_best_f1": 0.5715509854327335,
      "confusion_matrix": [
        [
          879,
          832
        ],
        [
          198,
          626
        ]
      ]
    },
    "JellyfishNet": {
      "accuracy": 0.6149901380670612,
      "precision": 0.44233687405159333,
      "recall": 0.7075242718446602,
      "f1": 0.5443510737628384,
      "auc": 0.6734507725567855,
      "threshold": 0.32,
      "val_best_f1": 0.5700267618198037,
      "confusion_matrix": [
        [
          976,
          735
        ],
        [
          241,
          583
        ]
      ]
    }
  }
}