{
  "timestamp": "2026-04-05T12:56:10",
  "config": {
    "lookback_days": 21,
    "use_integrated_data": true,
    "weather_csv_path": "data/IMS/data_202603142120.csv",
    "include_live_xml": true,
    "batch_size": 32,
    "learning_rate": 0.0005,
    "dropout_prob": 0.3,
    "num_epochs": 80,
    "patience": 15,
    "hybrid_hidden_dim": 128,
    "threshold_selection_metric": "f1_on_validation",
    "n_features_per_day": 33
  },
  "results": {
    "GRU": {
      "accuracy": 0.6471758154335719,
      "precision": 0.48766905330151156,
      "recall": 0.7161214953271028,
      "f1": 0.580217699952674,
      "auc": 0.7175113158517751,
      "threshold": 0.33,
      "val_best_f1": 0.56797583081571,
      "confusion_matrix": [
        [
          1014,
          644
        ],
        [
          243,
          613
        ]
      ]
    },
    "Hybrid": {
      "accuracy": 0.6408114558472554,
      "precision": 0.4817970565453137,
      "recall": 0.7266355140186916,
      "f1": 0.5794131346064276,
      "auc": 0.7099869085600261,
      "threshold": 0.31,
      "val_best_f1": 0.5648192771084337,
      "confusion_matrix": [
        [
          989,
          669
        ],
        [
          234,
          622
        ]
      ]
    }
  }
}