{
  "timestamp": "2026-04-05T13:12:15",
  "config": {
    "lookback_days": 14,
    "use_integrated_data": true,
    "weather_csv_path": "data/IMS/data_202603142120.csv",
    "include_live_xml": true,
    "batch_size": 48,
    "learning_rate": 0.0003,
    "dropout_prob": 0.15,
    "num_epochs": 100,
    "patience": 15,
    "hybrid_hidden_dim": 96,
    "threshold_selection_metric": "f1_on_validation",
    "n_features_per_day": 33
  },
  "results": {
    "GRU": {
      "accuracy": 0.632741617357002,
      "precision": 0.45545378850957535,
      "recall": 0.6638349514563107,
      "f1": 0.5402469135802469,
      "auc": 0.6860941906453388,
      "threshold": 0.32,
      "val_best_f1": 0.5737547892720306,
      "confusion_matrix": [
        [
          1057,
          654
        ],
        [
          277,
          547
        ]
      ]
    },
    "Hybrid": {
      "accuracy": 0.6110453648915187,
      "precision": 0.4407894736842105,
      "recall": 0.7317961165048543,
      "f1": 0.5501824817518247,
      "auc": 0.688944465565473,
      "threshold": 0.30000000000000004,
      "val_best_f1": 0.5783879539415412,
      "confusion_matrix": [
        [
          946,
          765
        ],
        [
          221,
          603
        ]
      ]
    }
  }
}