{
  "timestamp": "2026-04-05T20:14:45",
  "config": {
    "lookback_days": 21,
    "use_integrated_data": true,
    "weather_csv_path": "data/IMS/data_202603142120.csv",
    "include_live_xml": true,
    "batch_size": 48,
    "learning_rate": 0.001,
    "dropout_prob": 0.15,
    "num_epochs": 80,
    "patience": 10,
    "hybrid_hidden_dim": 96,
    "model_names": [
      "GRU",
      "JellyfishNet"
    ],
    "scheduler_factor": 0.5,
    "scheduler_patience": 5,
    "grad_clip_norm": 1.0,
    "threshold_min": 0.1,
    "threshold_max": 0.9,
    "threshold_steps": 81,
    "threshold_selection_metric": "f1_on_validation",
    "n_features_per_day": 33
  },
  "results": {
    "GRU": {
      "accuracy": 0.6487669053301511,
      "precision": 0.4892772041302621,
      "recall": 0.719626168224299,
      "f1": 0.5825059101654846,
      "auc": 0.7221599044000766,
      "threshold": 0.30000000000000004,
      "val_best_f1": 0.564870259481038,
      "confusion_matrix": [
        [
          1015,
          643
        ],
        [
          240,
          616
        ]
      ]
    },
    "JellyfishNet": {
      "accuracy": 0.6161495624502784,
      "precision": 0.46053584359160027,
      "recall": 0.7429906542056075,
      "f1": 0.5686186857398301,
      "auc": 0.7022475987283406,
      "threshold": 0.28,
      "val_best_f1": 0.5588785046728972,
      "confusion_matrix": [
        [
          913,
          745
        ],
        [
          220,
          636
        ]
      ]
    }
  }
}