{
  "timestamp": "2026-04-05T19:52:28",
  "config": {
    "lookback_days": 21,
    "use_integrated_data": true,
    "weather_csv_path": "data/IMS/data_202603142120.csv",
    "include_live_xml": true,
    "batch_size": 48,
    "learning_rate": 0.0003,
    "dropout_prob": 0.3,
    "num_epochs": 80,
    "patience": 15,
    "hybrid_hidden_dim": 64,
    "model_names": [
      "GRU",
      "JellyfishNet"
    ],
    "scheduler_factor": 0.5,
    "scheduler_patience": 5,
    "grad_clip_norm": 1.0,
    "threshold_min": 0.1,
    "threshold_max": 0.9,
    "threshold_steps": 81,
    "threshold_selection_metric": "f1_on_validation",
    "n_features_per_day": 33
  },
  "results": {
    "GRU": {
      "accuracy": 0.6312649164677804,
      "precision": 0.47429398986241855,
      "recall": 0.7651869158878505,
      "f1": 0.5856057219490389,
      "auc": 0.712710181730043,
      "threshold": 0.26,
      "val_best_f1": 0.5634847080630213,
      "confusion_matrix": [
        [
          932,
          726
        ],
        [
          201,
          655
        ]
      ]
    },
    "JellyfishNet": {
      "accuracy": 0.6256961018297533,
      "precision": 0.4692251991310644,
      "recall": 0.7570093457943925,
      "f1": 0.5793473401877514,
      "auc": 0.711421118789669,
      "threshold": 0.27,
      "val_best_f1": 0.5565546616185518,
      "confusion_matrix": [
        [
          925,
          733
        ],
        [
          208,
          648
        ]
      ]
    }
  }
}