{
  "timestamp": "2026-04-05T15:44:51",
  "config": {
    "lookback_days": 14,
    "use_integrated_data": true,
    "weather_csv_path": "data/IMS/data_202603142120.csv",
    "include_live_xml": true,
    "batch_size": 48,
    "learning_rate": 0.0005,
    "dropout_prob": 0.2,
    "num_epochs": 100,
    "patience": 10,
    "hybrid_hidden_dim": 128,
    "model_names": [
      "GRU",
      "Hybrid"
    ],
    "threshold_selection_metric": "f1_on_validation",
    "n_features_per_day": 33
  },
  "results": {
    "GRU": {
      "accuracy": 0.5873767258382643,
      "precision": 0.42386831275720166,
      "recall": 0.75,
      "f1": 0.5416301489921123,
      "auc": 0.68330987953448,
      "threshold": 0.26,
      "val_best_f1": 0.5767082079931243,
      "confusion_matrix": [
        [
          871,
          840
        ],
        [
          206,
          618
        ]
      ]
    },
    "Hybrid": {
      "accuracy": 0.5854043392504931,
      "precision": 0.42518127883981544,
      "recall": 0.7827669902912622,
      "f1": 0.5510465612985903,
      "auc": 0.6852065163732104,
      "threshold": 0.25,
      "val_best_f1": 0.5700205338809035,
      "confusion_matrix": [
        [
          839,
          872
        ],
        [
          179,
          645
        ]
      ]
    }
  }
}