{
  "timestamp": "2026-04-05T13:23:00",
  "config": {
    "lookback_days": 21,
    "use_integrated_data": true,
    "weather_csv_path": "data/IMS/data_202603142120.csv",
    "include_live_xml": true,
    "batch_size": 32,
    "learning_rate": 0.001,
    "dropout_prob": 0.25,
    "num_epochs": 100,
    "patience": 15,
    "hybrid_hidden_dim": 128,
    "model_names": [
      "GRU",
      "Hybrid"
    ],
    "threshold_selection_metric": "f1_on_validation",
    "n_features_per_day": 33
  },
  "results": {
    "GRU": {
      "accuracy": 0.6272871917263325,
      "precision": 0.47113328581610836,
      "recall": 0.772196261682243,
      "f1": 0.5852146967684817,
      "auc": 0.7222402286281185,
      "threshold": 0.26,
      "val_best_f1": 0.5668053629218677,
      "confusion_matrix": [
        [
          916,
          742
        ],
        [
          195,
          661
        ]
      ]
    },
    "Hybrid": {
      "accuracy": 0.616945107398568,
      "precision": 0.462137296532201,
      "recall": 0.7628504672897196,
      "f1": 0.5755839576906125,
      "auc": 0.7074968574907274,
      "threshold": 0.28,
      "val_best_f1": 0.564173591874423,
      "confusion_matrix": [
        [
          898,
          760
        ],
        [
          203,
          653
        ]
      ]
    }
  }
}