{
  "timestamp": "2026-04-05T16:01:23",
  "config": {
    "lookback_days": 14,
    "use_integrated_data": true,
    "weather_csv_path": "data/IMS/data_202603142120.csv",
    "include_live_xml": true,
    "batch_size": 32,
    "learning_rate": 0.0005,
    "dropout_prob": 0.2,
    "num_epochs": 80,
    "patience": 10,
    "hybrid_hidden_dim": 64,
    "model_names": [
      "GRU",
      "Hybrid"
    ],
    "threshold_selection_metric": "f1_on_validation",
    "n_features_per_day": 33
  },
  "results": {
    "GRU": {
      "accuracy": 0.6481262327416174,
      "precision": 0.467680608365019,
      "recall": 0.5970873786407767,
      "f1": 0.5245202558635395,
      "auc": 0.6863998938904745,
      "threshold": 0.35,
      "val_best_f1": 0.5746887966804979,
      "confusion_matrix": [
        [
          1151,
          560
        ],
        [
          332,
          492
        ]
      ]
    },
    "Hybrid": {
      "accuracy": 0.6165680473372781,
      "precision": 0.4455882352941177,
      "recall": 0.7354368932038835,
      "f1": 0.554945054945055,
      "auc": 0.6875099300358049,
      "threshold": 0.30000000000000004,
      "val_best_f1": 0.5819158460161145,
      "confusion_matrix": [
        [
          957,
          754
        ],
        [
          218,
          606
        ]
      ]
    }
  }
}