{
  "timestamp": "2026-04-05T19:39:09",
  "config": {
    "lookback_days": 21,
    "use_integrated_data": true,
    "weather_csv_path": "data/IMS/data_202603142120.csv",
    "include_live_xml": true,
    "batch_size": 48,
    "learning_rate": 0.001,
    "dropout_prob": 0.15,
    "num_epochs": 100,
    "patience": 10,
    "hybrid_hidden_dim": 64,
    "model_names": [
      "GRU",
      "JellyfishNet"
    ],
    "scheduler_factor": 0.5,
    "scheduler_patience": 5,
    "grad_clip_norm": 1.0,
    "threshold_min": 0.1,
    "threshold_max": 0.9,
    "threshold_steps": 81,
    "threshold_selection_metric": "f1_on_validation",
    "n_features_per_day": 33
  },
  "results": {
    "GRU": {
      "accuracy": 0.6487669053301511,
      "precision": 0.4892601431980907,
      "recall": 0.7184579439252337,
      "f1": 0.5821107430194037,
      "auc": 0.7153721548312909,
      "threshold": 0.29000000000000004,
      "val_best_f1": 0.5597269624573379,
      "confusion_matrix": [
        [
          1016,
          642
        ],
        [
          241,
          615
        ]
      ]
    },
    "JellyfishNet": {
      "accuracy": 0.6070007955449482,
      "precision": 0.45305832147937414,
      "recall": 0.7441588785046729,
      "f1": 0.5632183908045977,
      "auc": 0.7015419433390077,
      "threshold": 0.26,
      "val_best_f1": 0.557754256787851,
      "confusion_matrix": [
        [
          889,
          769
        ],
        [
          219,
          637
        ]
      ]
    }
  }
}