{
  "timestamp": "2026-04-05T13:43:06",
  "config": {
    "lookback_days": 14,
    "use_integrated_data": true,
    "weather_csv_path": "data/IMS/data_202603142120.csv",
    "include_live_xml": true,
    "batch_size": 32,
    "learning_rate": 0.0005,
    "dropout_prob": 0.2,
    "num_epochs": 80,
    "patience": 10,
    "hybrid_hidden_dim": 96,
    "model_names": [
      "GRU",
      "Hybrid"
    ],
    "threshold_selection_metric": "f1_on_validation",
    "n_features_per_day": 33
  },
  "results": {
    "GRU": {
      "accuracy": 0.6303747534516765,
      "precision": 0.4553359683794466,
      "recall": 0.6990291262135923,
      "f1": 0.5514600287218766,
      "auc": 0.6900055608200507,
      "threshold": 0.31,
      "val_best_f1": 0.5772432932469935,
      "confusion_matrix": [
        [
          1022,
          689
        ],
        [
          248,
          576
        ]
      ]
    },
    "Hybrid": {
      "accuracy": 0.6232741617357002,
      "precision": 0.44764188649080733,
      "recall": 0.6796116504854369,
      "f1": 0.5397590361445783,
      "auc": 0.676478014900728,
      "threshold": 0.31,
      "val_best_f1": 0.5768694844403158,
      "confusion_matrix": [
        [
          1020,
          691
        ],
        [
          264,
          560
        ]
      ]
    }
  }
}