{
  "timestamp": "2026-04-05T01:32:10",
  "config": {
    "lookback_days": 14,
    "use_integrated_data": true,
    "weather_csv_path": "data/IMS/data_202603142120.csv",
    "include_live_xml": true,
    "batch_size": 32,
    "learning_rate": 0.001,
    "dropout_prob": 0.25,
    "num_epochs": 100,
    "patience": 15,
    "hybrid_hidden_dim": 48,
    "threshold_selection_metric": "f1_on_validation",
    "n_features_per_day": 33
  },
  "results": {
    "Baseline": {
      "accuracy": 0.6090729783037475,
      "precision": 0.4370761115297664,
      "recall": 0.7038834951456311,
      "f1": 0.5392840539284054,
      "auc": 0.6710218148700867,
      "threshold": 0.29000000000000004,
      "val_best_f1": 0.5673120216118865,
      "confusion_matrix": [
        [
          964,
          747
        ],
        [
          244,
          580
        ]
      ]
    },
    "GRU": {
      "accuracy": 0.6153846153846154,
      "precision": 0.4436146377893951,
      "recall": 0.720873786407767,
      "f1": 0.5492371705963939,
      "auc": 0.6865651580577985,
      "threshold": 0.31,
      "val_best_f1": 0.5743913435527502,
      "confusion_matrix": [
        [
          966,
          745
        ],
        [
          230,
          594
        ]
      ]
    },
    "Hybrid": {
      "accuracy": 0.6264299802761342,
      "precision": 0.4510739856801909,
      "recall": 0.6881067961165048,
      "f1": 0.5449303219605959,
      "auc": 0.6903367984429705,
      "threshold": 0.31,
      "val_best_f1": 0.5736866573686658,
      "confusion_matrix": [
        [
          1021,
          690
        ],
        [
          257,
          567
        ]
      ]
    }
  }
}