{
  "timestamp": "2026-04-05T17:55:04",
  "config": {
    "lookback_days": 14,
    "use_integrated_data": true,
    "weather_csv_path": "data/IMS/data_202603142120.csv",
    "include_live_xml": true,
    "batch_size": 32,
    "learning_rate": 0.0005,
    "dropout_prob": 0.2,
    "num_epochs": 80,
    "patience": 10,
    "hybrid_hidden_dim": 96,
    "model_names": [
      "GRU",
      "JellyfishNet"
    ],
    "scheduler_factor": 0.5,
    "scheduler_patience": 5,
    "grad_clip_norm": 1.0,
    "threshold_min": 0.1,
    "threshold_max": 0.9,
    "threshold_steps": 81,
    "threshold_selection_metric": "f1_on_validation",
    "n_features_per_day": 33
  },
  "results": {
    "GRU": {
      "accuracy": 0.6418145956607495,
      "precision": 0.46216216216216216,
      "recall": 0.6225728155339806,
      "f1": 0.530506721820062,
      "auc": 0.6837319060561869,
      "threshold": 0.35,
      "val_best_f1": 0.5769612711022841,
      "confusion_matrix": [
        [
          1114,
          597
        ],
        [
          311,
          513
        ]
      ]
    },
    "JellyfishNet": {
      "accuracy": 0.6390532544378699,
      "precision": 0.4629780309194467,
      "recall": 0.6905339805825242,
      "f1": 0.5543107647345349,
      "auc": 0.6834996141471802,
      "threshold": 0.30000000000000004,
      "val_best_f1": 0.5750232991612301,
      "confusion_matrix": [
        [
          1051,
          660
        ],
        [
          255,
          569
        ]
      ]
    }
  }
}