{
  "timestamp": "2026-04-05T19:19:31",
  "config": {
    "lookback_days": 21,
    "use_integrated_data": true,
    "weather_csv_path": "data/IMS/data_202603142120.csv",
    "include_live_xml": true,
    "batch_size": 32,
    "learning_rate": 0.001,
    "dropout_prob": 0.2,
    "num_epochs": 80,
    "patience": 10,
    "hybrid_hidden_dim": 96,
    "model_names": [
      "GRU",
      "JellyfishNet"
    ],
    "scheduler_factor": 0.5,
    "scheduler_patience": 5,
    "grad_clip_norm": 1.0,
    "threshold_min": 0.1,
    "threshold_max": 0.9,
    "threshold_steps": 81,
    "threshold_selection_metric": "f1_on_validation",
    "n_features_per_day": 33
  },
  "results": {
    "GRU": {
      "accuracy": 0.6316626889419252,
      "precision": 0.4744897959183674,
      "recall": 0.7605140186915887,
      "f1": 0.5843806104129263,
      "auc": 0.7160866177017688,
      "threshold": 0.26,
      "val_best_f1": 0.5645617342130065,
      "confusion_matrix": [
        [
          937,
          721
        ],
        [
          205,
          651
        ]
      ]
    },
    "JellyfishNet": {
      "accuracy": 0.6109785202863962,
      "precision": 0.4583333333333333,
      "recall": 0.7838785046728972,
      "f1": 0.5784482758620689,
      "auc": 0.7043751338737134,
      "threshold": 0.26,
      "val_best_f1": 0.5539280958721705,
      "confusion_matrix": [
        [
          865,
          793
        ],
        [
          185,
          671
        ]
      ]
    }
  }
}