{
  "timestamp": "2026-04-05T17:18:36",
  "config": {
    "lookback_days": 14,
    "use_integrated_data": true,
    "weather_csv_path": "data/IMS/data_202603142120.csv",
    "include_live_xml": true,
    "batch_size": 32,
    "learning_rate": 0.0005,
    "dropout_prob": 0.2,
    "num_epochs": 80,
    "patience": 10,
    "hybrid_hidden_dim": 96,
    "model_names": [
      "GRU",
      "JellyfishNet"
    ],
    "scheduler_factor": 0.5,
    "scheduler_patience": 5,
    "grad_clip_norm": 1.0,
    "threshold_min": 0.1,
    "threshold_max": 0.9,
    "threshold_steps": 81,
    "threshold_selection_metric": "f1_on_validation",
    "n_features_per_day": 33
  },
  "results": {
    "GRU": {
      "accuracy": 0.5980276134122288,
      "precision": 0.42950108459869846,
      "recall": 0.720873786407767,
      "f1": 0.5382872677843227,
      "auc": 0.6786693610163816,
      "threshold": 0.27,
      "val_best_f1": 0.5705548274355614,
      "confusion_matrix": [
        [
          922,
          789
        ],
        [
          230,
          594
        ]
      ]
    },
    "JellyfishNet": {
      "accuracy": 0.6481262327416174,
      "precision": 0.46958855098389984,
      "recall": 0.6371359223300971,
      "f1": 0.5406797116374871,
      "auc": 0.6810564706950457,
      "threshold": 0.37,
      "val_best_f1": 0.5748148148148148,
      "confusion_matrix": [
        [
          1118,
          593
        ],
        [
          299,
          525
        ]
      ]
    }
  }
}