{
  "timestamp": "2026-04-05T17:07:45",
  "config": {
    "lookback_days": 14,
    "use_integrated_data": true,
    "weather_csv_path": "data/IMS/data_202603142120.csv",
    "include_live_xml": true,
    "batch_size": 32,
    "learning_rate": 0.001,
    "dropout_prob": 0.2,
    "num_epochs": 80,
    "patience": 10,
    "hybrid_hidden_dim": 96,
    "model_names": [
      "GRU",
      "JellyfishNet"
    ],
    "scheduler_factor": 0.5,
    "scheduler_patience": 5,
    "grad_clip_norm": 1.0,
    "threshold_min": 0.1,
    "threshold_max": 0.9,
    "threshold_steps": 81,
    "threshold_selection_metric": "f1_on_validation",
    "n_features_per_day": 33
  },
  "results": {
    "GRU": {
      "accuracy": 0.622879684418146,
      "precision": 0.4501510574018127,
      "recall": 0.7233009708737864,
      "f1": 0.5549348230912478,
      "auc": 0.683173341542163,
      "threshold": 0.28,
      "val_best_f1": 0.5793473401877515,
      "confusion_matrix": [
        [
          983,
          728
        ],
        [
          228,
          596
        ]
      ]
    },
    "JellyfishNet": {
      "accuracy": 0.6161735700197238,
      "precision": 0.44325971058644326,
      "recall": 0.7063106796116505,
      "f1": 0.5446888160973327,
      "auc": 0.6822186395283517,
      "threshold": 0.29000000000000004,
      "val_best_f1": 0.5755656108597286,
      "confusion_matrix": [
        [
          980,
          731
        ],
        [
          242,
          582
        ]
      ]
    }
  }
}