{
  "timestamp": "2026-04-05T15:56:16",
  "config": {
    "lookback_days": 21,
    "use_integrated_data": true,
    "weather_csv_path": "data/IMS/data_202603142120.csv",
    "include_live_xml": true,
    "batch_size": 32,
    "learning_rate": 0.001,
    "dropout_prob": 0.2,
    "num_epochs": 80,
    "patience": 10,
    "hybrid_hidden_dim": 96,
    "model_names": [
      "GRU",
      "Hybrid"
    ],
    "threshold_selection_metric": "f1_on_validation",
    "n_features_per_day": 33
  },
  "results": {
    "GRU": {
      "accuracy": 0.6034208432776452,
      "precision": 0.45271629778672035,
      "recall": 0.7885514018691588,
      "f1": 0.5752023860247124,
      "auc": 0.7164871819442409,
      "threshold": 0.23,
      "val_best_f1": 0.5598233995584989,
      "confusion_matrix": [
        [
          842,
          816
        ],
        [
          181,
          675
        ]
      ]
    },
    "Hybrid": {
      "accuracy": 0.6324582338902148,
      "precision": 0.47335423197492166,
      "recall": 0.705607476635514,
      "f1": 0.5666041275797373,
      "auc": 0.7156328562731813,
      "threshold": 0.33,
      "val_best_f1": 0.5629335976214073,
      "confusion_matrix": [
        [
          986,
          672
        ],
        [
          252,
          604
        ]
      ]
    }
  }
}