{
  "timestamp": "2026-04-05T16:22:04",
  "config": {
    "lookback_days": 21,
    "use_integrated_data": true,
    "weather_csv_path": "data/IMS/data_202603142120.csv",
    "include_live_xml": true,
    "batch_size": 32,
    "learning_rate": 0.0005,
    "dropout_prob": 0.2,
    "num_epochs": 80,
    "patience": 10,
    "hybrid_hidden_dim": 96,
    "model_names": [
      "GRU",
      "Hybrid"
    ],
    "threshold_selection_metric": "f1_on_validation",
    "n_features_per_day": 33
  },
  "results": {
    "GRU": {
      "accuracy": 0.5994431185361973,
      "precision": 0.4510058403634004,
      "recall": 0.8119158878504673,
      "f1": 0.5798915310805173,
      "auc": 0.7161546114562077,
      "threshold": 0.24000000000000002,
      "val_best_f1": 0.5603864734299516,
      "confusion_matrix": [
        [
          812,
          846
        ],
        [
          161,
          695
        ]
      ]
    },
    "Hybrid": {
      "accuracy": 0.6372315035799523,
      "precision": 0.47862595419847326,
      "recall": 0.7324766355140186,
      "f1": 0.5789473684210527,
      "auc": 0.7172833782397439,
      "threshold": 0.31,
      "val_best_f1": 0.5678537054860443,
      "confusion_matrix": [
        [
          975,
          683
        ],
        [
          229,
          627
        ]
      ]
    }
  }
}