{
  "timestamp": "2026-04-06T05:05:29",
  "config": {
    "lookback_days": 14,
    "use_integrated_data": true,
    "weather_csv_path": "None",
    "include_live_xml": false,
    "batch_size": 32,
    "learning_rate": 0.001,
    "dropout_prob": 0.3,
    "num_epochs": 20,
    "patience": 10,
    "hybrid_hidden_dim": 64,
    "model_names": [
      "JellyfishNet"
    ],
    "scheduler_factor": 0.2,
    "scheduler_patience": 1,
    "grad_clip_norm": 1.0,
    "threshold_min": 0.05,
    "threshold_max": 0.9,
    "threshold_steps": 81,
    "threshold_min_precision": 0.2,
    "threshold_target_recall": 0.95,
    "positive_class_weight": 1.6,
    "threshold_selection_metric": "maximize_precision_then_f1_subject_to_target_recall",
    "n_features_per_day": 33
  },
  "results": {
    "JellyfishNet": {
      "recall": 0.933252427184466,
      "precision": 0.35486848177203506,
      "f1": 0.5142092945503176,
      "accuracy": 0.42682445759368837,
      "auc": 0.6790289701701724,
      "threshold": 0.188125,
      "val_best_recall": 0.9528857479387515,
      "val_best_f1": 0.0,
      "confusion_matrix": [
        [
          313,
          1398
        ],
        [
          55,
          769
        ]
      ],
      "train_losses": [
        0.7848035072958147,
        0.765522518512365,
        0.7602605081893302,
        0.7533194292236018,
        0.7503524926063176,
        0.7473494913126971,
        0.7469064955775803,
        0.743348536136988,
        0.7376210340776959,
        0.7355646263908695,
        0.7309565213886468,
        0.7271346297618505,
        0.7247075361174506,
        0.7087705669370857,
        0.7023467038128827,
        0.7022331544676342,
        0.6968528828910879,
        0.6978615800271163,
        0.6957477953788397,
        0.697607244672002
      ],
      "val_losses": [
        0.7628143258392811,
        0.7641552589833737,
        0.752238829433918,
        0.7545562244951725,
        0.7491329871118069,
        0.7533800538629294,
        0.7487606227397918,
        0.7513049311935902,
        0.746758184581995,
        0.7552092216908932,
        0.7411101121455431,
        0.7439951553940773,
        0.750790386646986,
        0.7452527023851871,
        0.7435682967305184,
        0.7438664678484201,
        0.7454204399138689,
        0.7453294053673745,
        0.7453779250383377,
        0.7453738998621702
      ],
      "train_accs": [
        0.6350105708245243,
        0.6469344608879493,
        0.6482875264270613,
        0.6558139534883721,
        0.6638477801268499,
        0.6628329809725159,
        0.6678224101479916,
        0.6631712473572938,
        0.6727272727272727,
        0.6743340380549683,
        0.6780549682875264,
        0.680676532769556,
        0.6838054968287527,
        0.6849048625792812,
        0.6958985200845665,
        0.6988583509513742,
        0.6983509513742072,
        0.6997040169133193,
        0.7027484143763214,
        0.6971670190274841
      ],
      "val_accs": [
        0.6671930517173312,
        0.6916699565732333,
        0.6608764311093565,
        0.6774575602052901,
        0.6596920647453612,
        0.6458744571654165,
        0.6419265692854323,
        0.6624555862613501,
        0.6569285432293723,
        0.6502171338333992,
        0.6806158705092775,
        0.6762731938412949,
        0.6849585471772601,
        0.6762731938412949,
        0.6798262929332807,
        0.6766679826292933,
        0.6762731938412949,
        0.6770627714172918,
        0.6766679826292933,
        0.6762731938412949
      ],
      "lr_history": [
        0.001,
        0.001,
        0.001,
        0.001,
        0.001,
        0.001,
        0.001,
        0.001,
        0.001,
        0.001,
        0.001,
        0.001,
        0.0002,
        0.0002,
        4e-05,
        4e-05,
        8.000000000000001e-06,
        8.000000000000001e-06,
        1.6000000000000004e-06,
        1.6000000000000004e-06
      ]
    }
  }
}